Table S5: IEI Candidate Genes with Average in DCs > 1 TPM Filter,CellType,Gene,mean
1,Dendritic Cell,ABCA7,5.25
2,Dendritic Cell,ABI1,52.95
3,Dendritic Cell,ACER3,1.4
4,Dendritic Cell,ACP1,53.1
5,Dendritic Cell,ACPP,16.2
6,Dendritic Cell,ACSL5,18.1
7,Dendritic Cell,ACTA1,13.8
8,Dendritic Cell,ACTA2,4.9
9,Dendritic Cell,ACTN1,20.7
10,Dendritic Cell,ACTR2,130.1
11,Dendritic Cell,ACVR1,1.4
12,Dendritic Cell,ADAM15,30.2
13,Dendritic Cell,ADAM19,32.4
14,Dendritic Cell,ADAR,6.85
15,Dendritic Cell,ADCY7,9.85
16,Dendritic Cell,ADD3,22.55
17,Dendritic Cell,ADORA2B,3.9
18,Dendritic Cell,ADRB2,13.85
19,Dendritic Cell,AEBP2,2.15
20,Dendritic Cell,AEN,3.65
21,Dendritic Cell,AFF1,13.3
22,Dendritic Cell,AFF3,16.35
23,Dendritic Cell,AHI1,11.05
24,Dendritic Cell,AHNAK,40.35
25,Dendritic Cell,AHSA1,61.3
26,Dendritic Cell,AIFM1,21.2
27,Dendritic Cell,AIM2,1.65
28,Dendritic Cell,AKAP13,64.05
29,Dendritic Cell,AKAP8,6.25
30,Dendritic Cell,AKT1,7.7
31,Dendritic Cell,AKT2,3.2
32,Dendritic Cell,ALCAM,17.8
33,Dendritic Cell,ALOX5,21.05
34,Dendritic Cell,ALOX5AP,1653.95
35,Dendritic Cell,AMBRA1,1.9
36,Dendritic Cell,AMPD3,3.15
37,Dendritic Cell,ANK3,1.2
38,Dendritic Cell,ANKRD11,3.25
39,Dendritic Cell,ANKRD44,14.15
40,Dendritic Cell,ANO6,3.55
41,Dendritic Cell,ANP32A,25.45
42,Dendritic Cell,ANXA1,630.25
43,Dendritic Cell,ANXA2,2125.05
44,Dendritic Cell,ANXA4,28.55
45,Dendritic Cell,AP3S2,8.7
46,Dendritic Cell,APAF1,10.8
47,Dendritic Cell,APC,2.15
48,Dendritic Cell,APEX1,198.3
49,Dendritic Cell,APH1A,8.9
50,Dendritic Cell,APOBEC3D,2.8
51,Dendritic Cell,APOBEC3F,5.8
52,Dendritic Cell,APOL6,1.2
53,Dendritic Cell,APP,20.8
54,Dendritic Cell,ARAF,40.65
55,Dendritic Cell,ARFGAP1,4.5
56,Dendritic Cell,ARHGAP1,29.9
57,Dendritic Cell,ARHGAP10,1.35
58,Dendritic Cell,ARHGAP15,51
59,Dendritic Cell,ARHGAP24,7.75
60,Dendritic Cell,ARHGAP25,40.75
61,Dendritic Cell,ARHGAP26,1.5
62,Dendritic Cell,ARHGAP31,5.1
63,Dendritic Cell,ARHGAP5,5.85
64,Dendritic Cell,ARHGDIB,1310.25
65,Dendritic Cell,ARHGEF10L,5.85
66,Dendritic Cell,ARHGEF2,12
67,Dendritic Cell,ARHGEF3,8.85
68,Dendritic Cell,ARHGEF6,10.65
69,Dendritic Cell,ARHGEF7,5.8
70,Dendritic Cell,ARID1A,1.75
71,Dendritic Cell,ARID1B,5.15
72,Dendritic Cell,ARID3A,3.4
73,Dendritic Cell,ARID5B,1.35
74,Dendritic Cell,ARIH2,25.8
75,Dendritic Cell,ARNTL,5.15
76,Dendritic Cell,ARRB1,18.8
77,Dendritic Cell,ARRB2,47.85
78,Dendritic Cell,ARSG,4.75
79,Dendritic Cell,ASAP1,1.8
80,Dendritic Cell,ASCC3,4.2
81,Dendritic Cell,ASH2L,19
82,Dendritic Cell,ATF1,13.5
83,Dendritic Cell,ATF2,15.2
84,Dendritic Cell,ATF3,1.05
85,Dendritic Cell,ATF4,31.55
86,Dendritic Cell,ATG4C,23.05
87,Dendritic Cell,ATG7,42.4
88,Dendritic Cell,ATL1,1.55
89,Dendritic Cell,ATP13A1,5.1
90,Dendritic Cell,ATP6V0A1,8.15
91,Dendritic Cell,ATR,1.15
92,Dendritic Cell,AURKA,1.95
93,Dendritic Cell,AUTS2,1.7
94,Dendritic Cell,AXL,14.35
95,Dendritic Cell,B3GAT3,15.95
96,Dendritic Cell,BACH1,13.65
97,Dendritic Cell,BAD,65.45
98,Dendritic Cell,BAG1,26.65
99,Dendritic Cell,BAK1,25.8
100,Dendritic Cell,BANP,24.45
101,Dendritic Cell,BARD1,4.8
102,Dendritic Cell,BAX,11.15
103,Dendritic Cell,BCAP31,477.15
104,Dendritic Cell,BCAS3,7.8
105,Dendritic Cell,BCAT1,4.2
106,Dendritic Cell,BCL11A,455.55
107,Dendritic Cell,BCL2A1,10.65
108,Dendritic Cell,BCL2L1,10.7
109,Dendritic Cell,BCL2L11,1.3
110,Dendritic Cell,BCL3,2.35
111,Dendritic Cell,BCL6,12.6
112,Dendritic Cell,BCOR,3.2
113,Dendritic Cell,BECN1,86.85
114,Dendritic Cell,BHLHE40,14.25
115,Dendritic Cell,BID,263.15
116,Dendritic Cell,BIK,31.25
117,Dendritic Cell,BIN1,16.7
118,Dendritic Cell,BIRC2,24.2
119,Dendritic Cell,BIRC3,1.6
120,Dendritic Cell,BLK,8.1
121,Dendritic Cell,BLVRA,68.35
122,Dendritic Cell,BMI1,1.2
123,Dendritic Cell,BNIP3,4.4
124,Dendritic Cell,BNIP3L,91.1
125,Dendritic Cell,BORA,2.25
126,Dendritic Cell,BRD8,9.15
127,Dendritic Cell,BST1,52.65
128,Dendritic Cell,BST2,310.45
129,Dendritic Cell,BTBD1,3.25
130,Dendritic Cell,BTG1,46.25
131,Dendritic Cell,BTG2,22.7
132,Dendritic Cell,BTG3,5
133,Dendritic Cell,BTN2A1,7.9
134,Dendritic Cell,BTN2A2,14.95
135,Dendritic Cell,BTN3A1,5.75
136,Dendritic Cell,BTN3A2,15.9
137,Dendritic Cell,BTRC,1.5
138,Dendritic Cell,C5AR1,3.25
139,Dendritic Cell,CAB39,2.35
140,Dendritic Cell,CALM1,337.3
141,Dendritic Cell,CALM2,1086.95
142,Dendritic Cell,CALR,139.15
143,Dendritic Cell,CAMK2D,6.9
144,Dendritic Cell,CAMK2G,13.35
145,Dendritic Cell,CANX,55.05
146,Dendritic Cell,CAPN1,38.8
147,Dendritic Cell,CAPN2,70.05
148,Dendritic Cell,CASP1,99.1
149,Dendritic Cell,CASP2,17.2
150,Dendritic Cell,CASP3,26.35
151,Dendritic Cell,CASP4,79.4
152,Dendritic Cell,CASP6,10.05
153,Dendritic Cell,CASP7,5.25
154,Dendritic Cell,CASP8AP2,6.85
155,Dendritic Cell,CASP9,14.75
156,Dendritic Cell,CAST,60.2
157,Dendritic Cell,CAT,262.3
158,Dendritic Cell,CBL,1.75
159,Dendritic Cell,CBLB,1.95
160,Dendritic Cell,CCAR2,14.4
161,Dendritic Cell,CCDC12,148.7
162,Dendritic Cell,CCDC6,2.75
163,Dendritic Cell,CCDC88C,1.35
164,Dendritic Cell,CCDC91,3.4
165,Dendritic Cell,CCL4,1.5
166,Dendritic Cell,CCL5,16.6
167,Dendritic Cell,CCM2,21.25
168,Dendritic Cell,CCNB1,4.9
169,Dendritic Cell,CCND2,2.1
170,Dendritic Cell,CCND3,248.3
171,Dendritic Cell,CCNG1,36.85
172,Dendritic Cell,CCNG2,2.1
173,Dendritic Cell,CCNH,22
174,Dendritic Cell,CCNK,4.4
175,Dendritic Cell,CCNY,5.4
176,Dendritic Cell,CCR1,31.6
177,Dendritic Cell,CCR2,162.45
178,Dendritic Cell,CCR3,2.05
179,Dendritic Cell,CCR5,8.4
180,Dendritic Cell,CCR7,28.85
181,Dendritic Cell,CCRL2,5.55
182,Dendritic Cell,CD14,169.4
183,Dendritic Cell,CD180,20.7
184,Dendritic Cell,CD2,49.55
185,Dendritic Cell,CD22,3.8
186,Dendritic Cell,CD226,1.35
187,Dendritic Cell,CD244,19.05
188,Dendritic Cell,CD247,1.95
189,Dendritic Cell,CD33,97.2
190,Dendritic Cell,CD36,277.3
191,Dendritic Cell,CD4,191.5
192,Dendritic Cell,CD44,131.1
193,Dendritic Cell,CD47,94.5
194,Dendritic Cell,CD48,166.05
195,Dendritic Cell,CD5,3.5
196,Dendritic Cell,CD58,20.5
197,Dendritic Cell,CD68,990.7
198,Dendritic Cell,CD74,17627.75
199,Dendritic Cell,CD82,26.45
200,Dendritic Cell,CD83,5.1
201,Dendritic Cell,CD86,41.05
202,Dendritic Cell,CD93,4.5
203,Dendritic Cell,CDC14A,4.35
204,Dendritic Cell,CDC25B,1.65
205,Dendritic Cell,CDC34,1.6
206,Dendritic Cell,CDC37,88.3
207,Dendritic Cell,CDC42,117.05
208,Dendritic Cell,CDC42EP3,13.95
209,Dendritic Cell,CDC42SE2,53.55
210,Dendritic Cell,CDC6,1.55
211,Dendritic Cell,CDC7,1.65
212,Dendritic Cell,CDH1,3.2
213,Dendritic Cell,CDH23,6.35
214,Dendritic Cell,CDK11B,3.95
215,Dendritic Cell,CDK12,2.05
216,Dendritic Cell,CDK16,9.55
217,Dendritic Cell,CDK2,4.7
218,Dendritic Cell,CDK4,61.55
219,Dendritic Cell,CDK5,26.95
220,Dendritic Cell,CDK5RAP2,1.5
221,Dendritic Cell,CDK6,2.25
222,Dendritic Cell,CDK7,12.7
223,Dendritic Cell,CDK9,6.85
224,Dendritic Cell,CDKAL1,4.15
225,Dendritic Cell,CDKN1A,18.1
226,Dendritic Cell,CDKN1B,3.3
227,Dendritic Cell,CDKN1C,9.85
228,Dendritic Cell,CDKN2C,7.15
229,Dendritic Cell,CDKN3,1.35
230,Dendritic Cell,CDYL,4.65
231,Dendritic Cell,CEBPA,2.3
232,Dendritic Cell,CEBPD,1.85
233,Dendritic Cell,CELF1,9.5
234,Dendritic Cell,CEP128,4
235,Dendritic Cell,CEP85L,3.6
236,Dendritic Cell,CFL1,2490.3
237,Dendritic Cell,CFLAR,25.15
238,Dendritic Cell,CHD2,23.35
239,Dendritic Cell,CHD9,66.4
240,Dendritic Cell,CHEK2,6.75
241,Dendritic Cell,CHN2,4.9
242,Dendritic Cell,CHST15,4.15
243,Dendritic Cell,CISH,5.1
244,Dendritic Cell,CKS1B,51.95
245,Dendritic Cell,CLC,6
246,Dendritic Cell,CLEC16A,1.6
247,Dendritic Cell,CLIC2,21.3
248,Dendritic Cell,CMKLR1,9.75
249,Dendritic Cell,CMTM7,65.4
250,Dendritic Cell,CMTR1,4.2
251,Dendritic Cell,COP1,1.4
252,Dendritic Cell,COPS5,37.5
253,Dendritic Cell,COPS6,163.95
254,Dendritic Cell,CPQ,29.8
255,Dendritic Cell,CRADD,10.55
256,Dendritic Cell,CREB1,23.4
257,Dendritic Cell,CREB5,8
258,Dendritic Cell,CREM,7.45
259,Dendritic Cell,CRK,3.75
260,Dendritic Cell,CRKL,11.05
261,Dendritic Cell,CSF1R,62.65
262,Dendritic Cell,CSGALNACT1,3.15
263,Dendritic Cell,CSK,54.05
264,Dendritic Cell,CSNK1A1,54.6
265,Dendritic Cell,CSNK1D,13.3
266,Dendritic Cell,CSNK1E,8
267,Dendritic Cell,CSNK2A1,26.2
268,Dendritic Cell,CSNK2A2,7.4
269,Dendritic Cell,CSNK2B,21.15
270,Dendritic Cell,CSRP1,28.65
271,Dendritic Cell,CTBP1,25.15
272,Dendritic Cell,CTCF,3.45
273,Dendritic Cell,CTNNA1,17.85
274,Dendritic Cell,CTNNB1,10.05
275,Dendritic Cell,CTNND1,7.7
276,Dendritic Cell,CTSB,942.6
277,Dendritic Cell,CTSD,116.65
278,Dendritic Cell,CTSG,5.3
279,Dendritic Cell,CTSH,86.25
280,Dendritic Cell,CTSL,2.95
281,Dendritic Cell,CUEDC1,10.2
282,Dendritic Cell,CUL1,20.45
283,Dendritic Cell,CUX1,13.4
284,Dendritic Cell,CXCL10,1.5
285,Dendritic Cell,CYLD,13.65
286,Dendritic Cell,CYTH1,38.85
287,Dendritic Cell,CYTH4,64.1
288,Dendritic Cell,DAAM1,11.65
289,Dendritic Cell,DAB2,25.6
290,Dendritic Cell,DAP3,112.2
291,Dendritic Cell,DAPK1,5
292,Dendritic Cell,DAPK2,4.1
293,Dendritic Cell,DAPK3,15.85
294,Dendritic Cell,DAPP1,82.25
295,Dendritic Cell,DAXX,7.65
296,Dendritic Cell,DBI,688.3
297,Dendritic Cell,DBNL,334.9
298,Dendritic Cell,DCP1B,3.45
299,Dendritic Cell,DDB1,39.55
300,Dendritic Cell,DDB2,4.45
301,Dendritic Cell,DDIT4,141.9
302,Dendritic Cell,DDX50,13
303,Dendritic Cell,DDX58,1.4
304,Dendritic Cell,DDX60L,1.55
305,Dendritic Cell,DENND1A,6.15
306,Dendritic Cell,DENND3,1.85
307,Dendritic Cell,DEPTOR,9.2
308,Dendritic Cell,DERA,50.8
309,Dendritic Cell,DHRS3,14.85
310,Dendritic Cell,DHX58,3.45
311,Dendritic Cell,DIABLO,19.075
312,Dendritic Cell,DIAPH1,10.15
313,Dendritic Cell,DIS3L2,4.3
314,Dendritic Cell,DMAP1,19.5
315,Dendritic Cell,DNAJA3,5.05
316,Dendritic Cell,DNAJB12,17.8
317,Dendritic Cell,DNAJC5,3.6
318,Dendritic Cell,DNM1L,11.65
319,Dendritic Cell,DNM2,6.05
320,Dendritic Cell,DNMT1,22.7
321,Dendritic Cell,DOCK10,4.3
322,Dendritic Cell,DOCK5,1.35
323,Dendritic Cell,DOK1,11.15
324,Dendritic Cell,DPM1,20.5
325,Dendritic Cell,DPP4,2.35
326,Dendritic Cell,DPYD,15.35
327,Dendritic Cell,DPYSL2,50.65
328,Dendritic Cell,DSE,3.8
329,Dendritic Cell,DST,1.55
330,Dendritic Cell,DTNA,1.9
331,Dendritic Cell,DTNBP1,18.85
332,Dendritic Cell,DTWD1,18.3
333,Dendritic Cell,DTX3L,4.15
334,Dendritic Cell,DUSP1,120.45
335,Dendritic Cell,DUSP10,3
336,Dendritic Cell,DUSP11,37.1
337,Dendritic Cell,DUSP22,27.85
338,Dendritic Cell,DUSP3,20.9
339,Dendritic Cell,DUSP5,6.95
340,Dendritic Cell,DUSP6,49.9
341,Dendritic Cell,DUSP7,5.35
342,Dendritic Cell,DVL2,5.4
343,Dendritic Cell,DYM,16.6
344,Dendritic Cell,E2F3,1.65
345,Dendritic Cell,E2F4,9.35
346,Dendritic Cell,EARS2,3.7
347,Dendritic Cell,ECE1,1.65
348,Dendritic Cell,ECSIT,27.35
349,Dendritic Cell,EDEM2,70.2
350,Dendritic Cell,EEF1A1,6032.05
351,Dendritic Cell,EFCAB2,5.8
352,Dendritic Cell,EFHC1,3.3
353,Dendritic Cell,EGLN3,12.85
354,Dendritic Cell,EHD1,7.25
355,Dendritic Cell,EI24,11.55
356,Dendritic Cell,EIF2A,39.6
357,Dendritic Cell,EIF2AK1,5.75
358,Dendritic Cell,EIF2AK2,8.4
359,Dendritic Cell,EIF2AK4,39.55
360,Dendritic Cell,EIF2S1,52.4
361,Dendritic Cell,EIF3H,324.95
362,Dendritic Cell,EIF4B,66.7
363,Dendritic Cell,EIF4E,31.2
364,Dendritic Cell,EIF4EBP1,163.8
365,Dendritic Cell,EIF4G2,233.8
366,Dendritic Cell,ELAVL1,17.6
367,Dendritic Cell,ELF1,43.2
368,Dendritic Cell,ELF4,3.2
369,Dendritic Cell,ELK1,7.35
370,Dendritic Cell,ELL,6.85
371,Dendritic Cell,ELMO1,36.1
372,Dendritic Cell,ELP1,3.15
373,Dendritic Cell,ELP3,14.4
374,Dendritic Cell,EMC2,18
375,Dendritic Cell,EML2,4.8
376,Dendritic Cell,ENOX2,7.85
377,Dendritic Cell,ENPP2,3.75
378,Dendritic Cell,ENTPD1,17
379,Dendritic Cell,EP300,1.7
380,Dendritic Cell,EP400,2.45
381,Dendritic Cell,EPB41L2,4.6
382,Dendritic Cell,EPB41L3,1.05
383,Dendritic Cell,EPHA2,4.3
384,Dendritic Cell,EPS15,7.95
385,Dendritic Cell,EPS8,2.6
386,Dendritic Cell,EPSTI1,15.25
387,Dendritic Cell,ERAP1,12.65
388,Dendritic Cell,ERBIN,2.6
389,Dendritic Cell,ERC1,1.3
390,Dendritic Cell,ERCC1,205.35
391,Dendritic Cell,ERCC5,10.8
392,Dendritic Cell,ERCC6,3.1
393,Dendritic Cell,ERGIC1,4.25
394,Dendritic Cell,ERN1,3.25
395,Dendritic Cell,ESYT2,2.05
396,Dendritic Cell,ETS1,2.95
397,Dendritic Cell,ETS2,16.85
398,Dendritic Cell,ETV3,2.6
399,Dendritic Cell,ETV6,4.1
400,Dendritic Cell,EVL,2.35
401,Dendritic Cell,EXOC4,10.65
402,Dendritic Cell,EXOC6,7.1
403,Dendritic Cell,EZH2,2
404,Dendritic Cell,EZR,116.55
405,Dendritic Cell,F8,1.25
406,Dendritic Cell,FAF1,2.95
407,Dendritic Cell,FAM111A,2
408,Dendritic Cell,FAM129A,2.5
409,Dendritic Cell,FAM13A,2.05
410,Dendritic Cell,FAM172A,4.8
411,Dendritic Cell,FAM49B,205.45
412,Dendritic Cell,FAM78A,3.85
413,Dendritic Cell,FANCG,2.55
414,Dendritic Cell,FAS,5.7
415,Dendritic Cell,FBLN2,3.1
416,Dendritic Cell,FBP1,54.5
417,Dendritic Cell,FBXO11,1.5
418,Dendritic Cell,FBXO5,3.6
419,Dendritic Cell,FBXW11,7.25
420,Dendritic Cell,FBXW7,1.9
421,Dendritic Cell,FCER1A,1310.6
422,Dendritic Cell,FCER1G,2577.65
423,Dendritic Cell,FCER2,2.2
424,Dendritic Cell,FCGR1A,13.05
425,Dendritic Cell,FCGR2A,41.15
426,Dendritic Cell,FCGRT,673
427,Dendritic Cell,FCHSD2,19.5
428,Dendritic Cell,FDPS,76.6
429,Dendritic Cell,FDXR,3.75
430,Dendritic Cell,FEN1,13.45
431,Dendritic Cell,FER,2.95
432,Dendritic Cell,FES,98.15
433,Dendritic Cell,FGGY,1.45
434,Dendritic Cell,FGR,89.65
435,Dendritic Cell,FHIT,5.4
436,Dendritic Cell,FILIP1L,1.05
437,Dendritic Cell,FKBP1A,439.85
438,Dendritic Cell,FKBP5,61
439,Dendritic Cell,FKBP8,9.95
440,Dendritic Cell,FLI1,9.45
441,Dendritic Cell,FLNA,13.8
442,Dendritic Cell,FLNB,9.05
443,Dendritic Cell,FLT3,41.1
444,Dendritic Cell,FMR1,1.35
445,Dendritic Cell,FNBP1,5.8
446,Dendritic Cell,FNDC3B,2.35
447,Dendritic Cell,FNIP2,1.1
448,Dendritic Cell,FNTA,10.35
449,Dendritic Cell,FOCAD,2.5
450,Dendritic Cell,FOS,30.6
451,Dendritic Cell,FOSL2,2.35
452,Dendritic Cell,FOXJ3,5.65
453,Dendritic Cell,FOXN3,19
454,Dendritic Cell,FOXO3,2.05
455,Dendritic Cell,FOXP1,15.2
456,Dendritic Cell,FPR2,8.4
457,Dendritic Cell,FRMD4B,14.65
458,Dendritic Cell,FRS2,2.45
459,Dendritic Cell,FRYL,1.15
460,Dendritic Cell,FTO,14.7
461,Dendritic Cell,FURIN,2
462,Dendritic Cell,FUS,34.1
463,Dendritic Cell,FYB1,68
464,Dendritic Cell,FYN,5.2
465,Dendritic Cell,G3BP1,46.9
466,Dendritic Cell,GAB1,1.3
467,Dendritic Cell,GAB2,1.4
468,Dendritic Cell,GABPA,2.8
469,Dendritic Cell,GADD45A,2.8
470,Dendritic Cell,GADD45B,31.55
471,Dendritic Cell,GALNT10,1.15
472,Dendritic Cell,GALNT2,9.65
473,Dendritic Cell,GAPDH,1648.55
474,Dendritic Cell,GAS6,37.85
475,Dendritic Cell,GAS7,2.75
476,Dendritic Cell,GATAD2A,2.2
477,Dendritic Cell,GBP1,16.8
478,Dendritic Cell,GCLC,1.75
479,Dendritic Cell,GFI1B,1.3
480,Dendritic Cell,GIT1,1.8
481,Dendritic Cell,GLIPR2,100.5
482,Dendritic Cell,GLRX,261.75
483,Dendritic Cell,GLS,2.4
484,Dendritic Cell,GM2A,29.1
485,Dendritic Cell,GMDS,8.7
486,Dendritic Cell,GNA11,1.2
487,Dendritic Cell,GNA13,3.45
488,Dendritic Cell,GNA15,46.45
489,Dendritic Cell,GNAI1,2.45
490,Dendritic Cell,GNAI2,29.65
491,Dendritic Cell,GNAI3,6.95
492,Dendritic Cell,GNAQ,2.9
493,Dendritic Cell,GNAS,67.4
494,Dendritic Cell,GNB2,23.25
495,Dendritic Cell,GNB5,14
496,Dendritic Cell,GNG2,41.75
497,Dendritic Cell,GOLPH3,6.95
498,Dendritic Cell,GORASP1,4.65
499,Dendritic Cell,GPATCH2,3.75
500,Dendritic Cell,GPCPD1,2.9
501,Dendritic Cell,GPD2,1.4
502,Dendritic Cell,GPR107,1.35
503,Dendritic Cell,GPR132,4.05
504,Dendritic Cell,GPR141,3
505,Dendritic Cell,GPR146,7.45
506,Dendritic Cell,GRAMD1A,2.85
507,Dendritic Cell,GRAMD1B,5.3
508,Dendritic Cell,GRB2,81.3
509,Dendritic Cell,GRK2,8.55
510,Dendritic Cell,GRK5,1.05
511,Dendritic Cell,GRK6,10.9
512,Dendritic Cell,GRN,1260.45
513,Dendritic Cell,GSAP,7.25
514,Dendritic Cell,GSK3B,1.15
515,Dendritic Cell,GSN,311.15
516,Dendritic Cell,GSTK1,277.05
517,Dendritic Cell,GSTP1,2204.9
518,Dendritic Cell,GTDC1,1.25
519,Dendritic Cell,GTF2H1,7.45
520,Dendritic Cell,GTF2I,15.05
521,Dendritic Cell,GZMB,2924.95
522,Dendritic Cell,H2AFX,1.1
523,Dendritic Cell,HAMP,2.5
524,Dendritic Cell,HBP1,27.15
525,Dendritic Cell,HCFC1,3.05
526,Dendritic Cell,HCK,166.55
527,Dendritic Cell,HDAC1,74.4
528,Dendritic Cell,HDAC2,42.15
529,Dendritic Cell,HDAC3,71.65
530,Dendritic Cell,HDAC4,2.3
531,Dendritic Cell,HDAC6,7.2
532,Dendritic Cell,HDAC9,39.8
533,Dendritic Cell,HERC1,5.45
534,Dendritic Cell,HGF,2.6
535,Dendritic Cell,HHAT,1.85
536,Dendritic Cell,HIF1A,12.35
537,Dendritic Cell,HIPK3,6.85
538,Dendritic Cell,HIST1H2AM,22
539,Dendritic Cell,HIST1H2BB,4.65
540,Dendritic Cell,HIST2H2AC,25.15
541,Dendritic Cell,HIVEP1,4.75
542,Dendritic Cell,HK1,39.45
543,Dendritic Cell,HK2,5.2
544,Dendritic Cell,HLA-A,31.1
545,Dendritic Cell,HLA-B,216.9
546,Dendritic Cell,HLA-DMA,5.25
547,Dendritic Cell,HLA-DMB,19.65
548,Dendritic Cell,HLA-DOA,5.45
549,Dendritic Cell,HLA-DOB,5.5
550,Dendritic Cell,HLA-DPA1,167
551,Dendritic Cell,HLA-DPB1,395.55
552,Dendritic Cell,HLA-DQA1,365.1
553,Dendritic Cell,HLA-DQB1,221.4
554,Dendritic Cell,HLA-DRA,91.6
555,Dendritic Cell,HLA-DRB1,395.6
556,Dendritic Cell,HLA-DRB5,32.85
557,Dendritic Cell,HLA-E,39.1
558,Dendritic Cell,HLA-F,3.25
559,Dendritic Cell,HLX,10.45
560,Dendritic Cell,HM13,240.25
561,Dendritic Cell,HMGA1,73.6
562,Dendritic Cell,HMGB1,462.5
563,Dendritic Cell,HMGB2,72.1
564,Dendritic Cell,HMGN1,214.2
565,Dendritic Cell,HMOX1,16.05
566,Dendritic Cell,HNRNPK,324.45
567,Dendritic Cell,HNRNPL,1.45
568,Dendritic Cell,HNRNPM,78.4
569,Dendritic Cell,HNRNPR,30.65
570,Dendritic Cell,HNRNPU,21.65
571,Dendritic Cell,HNRNPUL1,9.9
572,Dendritic Cell,HOXA9,3.2
573,Dendritic Cell,HPCAL1,26.55
574,Dendritic Cell,HS1BP3,6.15
575,Dendritic Cell,HSF1,16.55
576,Dendritic Cell,HSP90AA1,131.75
577,Dendritic Cell,HSP90AB1,269.6
578,Dendritic Cell,HSP90B1,269.85
579,Dendritic Cell,HSPB1,42.8
580,Dendritic Cell,HSPD1,58.2
581,Dendritic Cell,HTRA2,5
582,Dendritic Cell,ICAM1,16.45
583,Dendritic Cell,ICAM4,18.25
584,Dendritic Cell,ID2,102.15
585,Dendritic Cell,ID3,3.4
586,Dendritic Cell,IDO1,10.9
587,Dendritic Cell,IFI16,53.4
588,Dendritic Cell,IFI35,57.9
589,Dendritic Cell,IFI6,55.35
590,Dendritic Cell,IFIT1,4.05
591,Dendritic Cell,IFIT3,7.95
592,Dendritic Cell,IFITM1,43.75
593,Dendritic Cell,IFITM3,148.15
594,Dendritic Cell,IFNLR1,5.3
595,Dendritic Cell,IGF2R,1.35
596,Dendritic Cell,IGFBP3,27.45
597,Dendritic Cell,IKBKE,5.1
598,Dendritic Cell,IL13RA1,8.6
599,Dendritic Cell,IL15,2.7
600,Dendritic Cell,IL15RA,3.1
601,Dendritic Cell,IL16,118.65
602,Dendritic Cell,IL18,14.4
603,Dendritic Cell,IL1B,7.3
604,Dendritic Cell,IL1RAP,1.8
605,Dendritic Cell,IL3RA,274.05
606,Dendritic Cell,IL4R,3.4
607,Dendritic Cell,ILK,152.55
608,Dendritic Cell,IMMP2L,17.15
609,Dendritic Cell,ING1,4.05
610,Dendritic Cell,INPP4A,2.05
611,Dendritic Cell,INPP5D,8.25
612,Dendritic Cell,INSR,8.05
613,Dendritic Cell,INTS7,8.25
614,Dendritic Cell,IPCEF1,7.2
615,Dendritic Cell,IQGAP1,16.5
616,Dendritic Cell,IQGAP2,4.9
617,Dendritic Cell,IQSEC1,3.2
618,Dendritic Cell,IRF1,69.95
619,Dendritic Cell,IRF2,43.85
620,Dendritic Cell,IRF5,27.3
621,Dendritic Cell,ISG20,79.2
622,Dendritic Cell,ITGA4,36.55
623,Dendritic Cell,ITGA5,27.5
624,Dendritic Cell,ITGAL,11.95
625,Dendritic Cell,ITGAM,4.7
626,Dendritic Cell,ITGAX,15.3
627,Dendritic Cell,ITGB1,31.8
628,Dendritic Cell,ITGB4,2.15
629,Dendritic Cell,ITGB7,24.6
630,Dendritic Cell,ITPR1,1.7
631,Dendritic Cell,ITPR2,6.2
632,Dendritic Cell,JAK2,16.3
633,Dendritic Cell,JMJD1C,2.9
634,Dendritic Cell,JUNB,41.75
635,Dendritic Cell,JUND,7.75
636,Dendritic Cell,KAT5,25.4
637,Dendritic Cell,KAT8,3.7
638,Dendritic Cell,KCNK1,3.1
639,Dendritic Cell,KDM1A,4.55
640,Dendritic Cell,KDM2B,3.8
641,Dendritic Cell,KDM4C,5.1
642,Dendritic Cell,KDM5A,24.85
643,Dendritic Cell,KEAP1,34.8
644,Dendritic Cell,KHDRBS1,7.4
645,Dendritic Cell,KHDRBS2,1.1
646,Dendritic Cell,KHSRP,5.1
647,Dendritic Cell,KIF2A,13.7
648,Dendritic Cell,KLF11,3.35
649,Dendritic Cell,KLF2,1.7
650,Dendritic Cell,KLF4,1.45
651,Dendritic Cell,KLF6,100.05
652,Dendritic Cell,KLF7,3.45
653,Dendritic Cell,KLHL6,2.9
654,Dendritic Cell,KLRD1,1.5
655,Dendritic Cell,KLRK1,1.05
656,Dendritic Cell,KMT5A,1.2
657,Dendritic Cell,KPNA2,45
658,Dendritic Cell,KPNB1,4.75
659,Dendritic Cell,KRAS,8.8
660,Dendritic Cell,KRT8,1.1
661,Dendritic Cell,KTN1,117.55
662,Dendritic Cell,KYNU,85.3
663,Dendritic Cell,LAP3,142.3
664,Dendritic Cell,LAPTM5,535.55
665,Dendritic Cell,LASP1,21.5
666,Dendritic Cell,LATS1,2.7
667,Dendritic Cell,LCP2,16.2
668,Dendritic Cell,LDLR,1.05
669,Dendritic Cell,LGALS3,124.25
670,Dendritic Cell,LHFPL2,3.35
671,Dendritic Cell,LIMD1,3.2
672,Dendritic Cell,LIMK1,3.4
673,Dendritic Cell,LIMK2,2.9
674,Dendritic Cell,LIMS1,29.25
675,Dendritic Cell,LIPA,62.75
676,Dendritic Cell,LITAF,180.05
677,Dendritic Cell,LMNA,50.3
678,Dendritic Cell,LPP,3.7
679,Dendritic Cell,LRRFIP1,71
680,Dendritic Cell,LRRK2,2.2
681,Dendritic Cell,LTB,33.7
682,Dendritic Cell,LTBR,25.85
683,Dendritic Cell,LTK,2.35
684,Dendritic Cell,LY96,35.9
685,Dendritic Cell,LYN,21.45
686,Dendritic Cell,MACF1,1.85
687,Dendritic Cell,MAD1L1,43.95
688,Dendritic Cell,MAF1,85.85
689,Dendritic Cell,MAFG,1.8
690,Dendritic Cell,MAML3,1.15
691,Dendritic Cell,MAN1A1,1.45
692,Dendritic Cell,MAP1LC3A,1.75
693,Dendritic Cell,MAP2K1,10.35
694,Dendritic Cell,MAP2K2,11.05
695,Dendritic Cell,MAP2K3,42.2
696,Dendritic Cell,MAP2K4,1.3
697,Dendritic Cell,MAP2K5,4.9
698,Dendritic Cell,MAP2K6,39.15
699,Dendritic Cell,MAP3K1,1.3
700,Dendritic Cell,MAP3K11,5.45
701,Dendritic Cell,MAP3K2,2.9
702,Dendritic Cell,MAP3K20,6.85
703,Dendritic Cell,MAP3K3,2.95
704,Dendritic Cell,MAP3K4,5
705,Dendritic Cell,MAP3K5,1.35
706,Dendritic Cell,MAP3K7,10.45
707,Dendritic Cell,MAP3K8,20
708,Dendritic Cell,MAP4,8.15
709,Dendritic Cell,MAP4K1,22.25
710,Dendritic Cell,MAP4K2,4.25
711,Dendritic Cell,MAP4K4,3.25
712,Dendritic Cell,MAP4K5,3.6
713,Dendritic Cell,MAPK1,3
714,Dendritic Cell,MAPK14,5.65
715,Dendritic Cell,MAPK3,2.35
716,Dendritic Cell,MAPK7,1.55
717,Dendritic Cell,MAPK8,1.35
718,Dendritic Cell,MAPKAP1,5.45
719,Dendritic Cell,MAPKAPK2,11.05
720,Dendritic Cell,MAPKAPK3,99.9
721,Dendritic Cell,MAPKAPK5,2.2
722,Dendritic Cell,MARK3,3.1
723,Dendritic Cell,MAT2A,18.1
724,Dendritic Cell,MAVS,1.4
725,Dendritic Cell,MAX,106.7
726,Dendritic Cell,MBNL1,42.2
727,Dendritic Cell,MBP,9.55
728,Dendritic Cell,MCC,1.25
729,Dendritic Cell,MCL1,11.85
730,Dendritic Cell,MCM3,21.75
731,Dendritic Cell,MCM7,3.4
732,Dendritic Cell,MCPH1,2.25
733,Dendritic Cell,MCTP1,15.1
734,Dendritic Cell,MDM2,3.4
735,Dendritic Cell,MDM4,5.2
736,Dendritic Cell,MED14,1.75
737,Dendritic Cell,MED15,8.65
738,Dendritic Cell,MED16,30.65
739,Dendritic Cell,MED28,4.9
740,Dendritic Cell,MED4,55.2
741,Dendritic Cell,MEF2C,88.15
742,Dendritic Cell,MEF2D,3
743,Dendritic Cell,METTL8,4.85
744,Dendritic Cell,METTL9,18.15
745,Dendritic Cell,MGAT1,146.45
746,Dendritic Cell,MGLL,45.6
747,Dendritic Cell,MGMT,26.3
748,Dendritic Cell,MGRN1,3
749,Dendritic Cell,MICAL2,2.65
750,Dendritic Cell,MITF,3.05
751,Dendritic Cell,MKL1,70.8
752,Dendritic Cell,MKNK1,10.65
753,Dendritic Cell,MKNK2,7.8
754,Dendritic Cell,MKRN1,10.55
755,Dendritic Cell,MLH1,11.5
756,Dendritic Cell,MOB1A,45.95
757,Dendritic Cell,MOB1B,1.7
758,Dendritic Cell,MOV10,3.45
759,Dendritic Cell,MPG,74.6
760,Dendritic Cell,MPRIP,5.75
761,Dendritic Cell,MPZL1,37.1
762,Dendritic Cell,MR1,13
763,Dendritic Cell,MRC1,2.1
764,Dendritic Cell,MRE11,8.7
765,Dendritic Cell,MRPL27,160.2
766,Dendritic Cell,MRPS27,27
767,Dendritic Cell,MSC,2.85
768,Dendritic Cell,MSH2,2.7
769,Dendritic Cell,MTHFR,1.1
770,Dendritic Cell,MTOR,1.25
771,Dendritic Cell,MTSS1,5.25
772,Dendritic Cell,MVP,82.25
773,Dendritic Cell,MX1,42.15
774,Dendritic Cell,MYBL2,42.25
775,Dendritic Cell,MYC,18.95
776,Dendritic Cell,MYCBP2,2.1
777,Dendritic Cell,MYH9,11.2
778,Dendritic Cell,MYLK,3.05
779,Dendritic Cell,MYO9B,2.6
780,Dendritic Cell,MYOF,6.05
781,Dendritic Cell,NAA35,3.95
782,Dendritic Cell,NABP1,2.3
783,Dendritic Cell,NAIP,2.45
784,Dendritic Cell,NBN,13.25
785,Dendritic Cell,NCBP1,8.35
786,Dendritic Cell,NCK1,15.05
787,Dendritic Cell,NCK2,1.35
788,Dendritic Cell,NCL,135.35
789,Dendritic Cell,NCOA1,3.55
790,Dendritic Cell,NCOA3,4.45
791,Dendritic Cell,NCOA7,20.35
792,Dendritic Cell,NDRG1,8
793,Dendritic Cell,NDRG2,91.4
794,Dendritic Cell,NDST1,2
795,Dendritic Cell,NEDD9,10.15
796,Dendritic Cell,NEK6,25.1
797,Dendritic Cell,NEK7,1.45
798,Dendritic Cell,NEK9,1.65
799,Dendritic Cell,NF2,11.35
800,Dendritic Cell,NFAM1,7.35
801,Dendritic Cell,NFATC1,2.7
802,Dendritic Cell,NFATC3,3.9
803,Dendritic Cell,NFIA,1.05
804,Dendritic Cell,NFIC,1.95
805,Dendritic Cell,NFKBIZ,4.5
806,Dendritic Cell,NFYA,3.45
807,Dendritic Cell,NFYB,9.55
808,Dendritic Cell,NFYC,47.35
809,Dendritic Cell,NIN,4.85
810,Dendritic Cell,NINJ1,36.7
811,Dendritic Cell,NKIRAS1,3.1
812,Dendritic Cell,NLRC5,1.2
813,Dendritic Cell,NME1,66.65
814,Dendritic Cell,NME7,4.45
815,Dendritic Cell,NMI,50.25
816,Dendritic Cell,NOD1,5.15
817,Dendritic Cell,NOLC1,12.95
818,Dendritic Cell,NOTCH2,3.45
819,Dendritic Cell,NPM1,481.4
820,Dendritic Cell,NQO1,2.4
821,Dendritic Cell,NQO2,33.05
822,Dendritic Cell,NR1D1,1.05
823,Dendritic Cell,NR1H2,90.2
824,Dendritic Cell,NR2C2,1.1
825,Dendritic Cell,NR3C1,24.5
826,Dendritic Cell,NR4A1,1.75
827,Dendritic Cell,NRAS,9.7
828,Dendritic Cell,NRG1,3.5
829,Dendritic Cell,NRP1,19.55
830,Dendritic Cell,NSD1,7.2
831,Dendritic Cell,NSMAF,8.35
832,Dendritic Cell,NTM,8.05
833,Dendritic Cell,NUAK2,6.45
834,Dendritic Cell,NUMB,35.8
835,Dendritic Cell,NUP153,1.35
836,Dendritic Cell,NUP210,5.05
837,Dendritic Cell,OAS2,17.25
838,Dendritic Cell,OAS3,2.45
839,Dendritic Cell,OASL,4.9
840,Dendritic Cell,OGG1,11.2
841,Dendritic Cell,OGT,5.55
842,Dendritic Cell,OLR1,1.3
843,Dendritic Cell,OPTN,2.85
844,Dendritic Cell,OSBPL3,2.45
845,Dendritic Cell,OSBPL8,46.2
846,Dendritic Cell,OSBPL9,24.35
847,Dendritic Cell,OTUB1,152.55
848,Dendritic Cell,OXSR1,1.75
849,Dendritic Cell,P2RY6,56.75
850,Dendritic Cell,PA2G4,89.65
851,Dendritic Cell,PACSIN2,13
852,Dendritic Cell,PAG1,2.75
853,Dendritic Cell,PAK1,124.55
854,Dendritic Cell,PAK2,15.4
855,Dendritic Cell,PANK2,4.8
856,Dendritic Cell,PARD6A,2.85
857,Dendritic Cell,PARK7,814.35
858,Dendritic Cell,PARP1,53.9
859,Dendritic Cell,PARP10,8.95
860,Dendritic Cell,PARP14,3.1
861,Dendritic Cell,PARP9,13.45
862,Dendritic Cell,PCBP2,45.6
863,Dendritic Cell,PCK2,7.55
864,Dendritic Cell,PCNA,27.1
865,Dendritic Cell,PDE4B,5.7
866,Dendritic Cell,PDE7A,1.75
867,Dendritic Cell,PDGFA,1.75
868,Dendritic Cell,PDIA3,13.75
869,Dendritic Cell,PDK1,1.75
870,Dendritic Cell,PDK2,19
871,Dendritic Cell,PDLIM5,11.45
872,Dendritic Cell,PDPK1,6.2
873,Dendritic Cell,PEA15,35.25
874,Dendritic Cell,PEBP1,154.55
875,Dendritic Cell,PECAM1,108.3
876,Dendritic Cell,PELI1,2.5
877,Dendritic Cell,PER2,1.45
878,Dendritic Cell,PFKFB3,3.4
879,Dendritic Cell,PFN1,5646.65
880,Dendritic Cell,PGK1,205.6
881,Dendritic Cell,PGPEP1,2.5
882,Dendritic Cell,PGS1,13.85
883,Dendritic Cell,PHACTR1,35.45
884,Dendritic Cell,PHACTR2,3
885,Dendritic Cell,PHACTR4,2
886,Dendritic Cell,PHB,291.65
887,Dendritic Cell,PIAS1,21.25
888,Dendritic Cell,PIAS3,6.85
889,Dendritic Cell,PIAS4,9.55
890,Dendritic Cell,PIEZO1,5.05
891,Dendritic Cell,PIK3AP1,10.85
892,Dendritic Cell,PIK3C3,7.1
893,Dendritic Cell,PIK3CA,1.05
894,Dendritic Cell,PIK3CB,4.05
895,Dendritic Cell,PIK3CG,7.95
896,Dendritic Cell,PIK3R4,4.15
897,Dendritic Cell,PIK3R5,9.3
898,Dendritic Cell,PIM1,3.75
899,Dendritic Cell,PIM2,12.9
900,Dendritic Cell,PIM3,4.1
901,Dendritic Cell,PIN1,221.6
902,Dendritic Cell,PIP4K2A,40.05
903,Dendritic Cell,PKIG,20.65
904,Dendritic Cell,PKM,376.95
905,Dendritic Cell,PKN1,19.95
906,Dendritic Cell,PKN2,6.2
907,Dendritic Cell,PLA2G4A,4.75
908,Dendritic Cell,PLAC8,1111.15
909,Dendritic Cell,PLAGL1,9.6
910,Dendritic Cell,PLAU,1.4
911,Dendritic Cell,PLAUR,123.4
912,Dendritic Cell,PLB1,2.65
913,Dendritic Cell,PLCB2,1.65
914,Dendritic Cell,PLCB4,1.4
915,Dendritic Cell,PLD2,2.35
916,Dendritic Cell,PLEKHA2,3.25
917,Dendritic Cell,PLEKHO1,22.2
918,Dendritic Cell,PLK2,1.5
919,Dendritic Cell,PLK3,2.7
920,Dendritic Cell,PLSCR1,58.3
921,Dendritic Cell,PLSCR3,12.8
922,Dendritic Cell,PLXNB2,8
923,Dendritic Cell,PLXNC1,1.75
924,Dendritic Cell,PMAIP1,9.9
925,Dendritic Cell,PML,10.8
926,Dendritic Cell,PMP22,15.4
927,Dendritic Cell,PNKP,6.55
928,Dendritic Cell,PNPLA8,18
929,Dendritic Cell,POLA2,7.45
930,Dendritic Cell,POLD4,125.7
931,Dendritic Cell,PON2,18
932,Dendritic Cell,POU2F1,2.5
933,Dendritic Cell,POU2F2,10.7
934,Dendritic Cell,PPARA,1.7
935,Dendritic Cell,PPFIBP2,3.45
936,Dendritic Cell,PPIA,1718.9
937,Dendritic Cell,PPM1A,1.05
938,Dendritic Cell,PPM1B,3.25
939,Dendritic Cell,PPM1D,10.2
940,Dendritic Cell,PPM1G,68.3
941,Dendritic Cell,PPM1J,34.15
942,Dendritic Cell,PPM1M,10.3
943,Dendritic Cell,PPP1CA,526.05
944,Dendritic Cell,PPP1CB,51.35
945,Dendritic Cell,PPP1CC,20.15
946,Dendritic Cell,PPP1R12A,34.2
947,Dendritic Cell,PPP1R14A,103.5
948,Dendritic Cell,PPP1R15A,68.8
949,Dendritic Cell,PPP1R2,77.05
950,Dendritic Cell,PPP1R9B,1.55
951,Dendritic Cell,PPP2CA,52.95
952,Dendritic Cell,PPP2CB,2.55
953,Dendritic Cell,PPP2R1A,145.75
954,Dendritic Cell,PPP2R2A,2.45
955,Dendritic Cell,PPP2R5A,1.4
956,Dendritic Cell,PPP2R5C,73
957,Dendritic Cell,PPP2R5D,12.9
958,Dendritic Cell,PPP3CA,36.2
959,Dendritic Cell,PPP3CC,5.1
960,Dendritic Cell,PPP4C,94.45
961,Dendritic Cell,PPP5C,13.15
962,Dendritic Cell,PPP6C,18.2
963,Dendritic Cell,PRDX1,210.75
964,Dendritic Cell,PREX1,1.4
965,Dendritic Cell,PRKAA1,3.65
966,Dendritic Cell,PRKAB1,23.3
967,Dendritic Cell,PRKACA,1.1
968,Dendritic Cell,PRKAG2,6.75
969,Dendritic Cell,PRKAR1A,62.3
970,Dendritic Cell,PRKAR1B,4.15
971,Dendritic Cell,PRKAR2A,4.55
972,Dendritic Cell,PRKCB,20.8
973,Dendritic Cell,PRKCH,5.3
974,Dendritic Cell,PRKRA,39.35
975,Dendritic Cell,PRMT5,29.95
976,Dendritic Cell,PROC,28.1
977,Dendritic Cell,PRPF40A,80.15
978,Dendritic Cell,PRPF4B,8.35
979,Dendritic Cell,PSD4,4.1
980,Dendritic Cell,PSEN1,56.55
981,Dendritic Cell,PSEN2,6.5
982,Dendritic Cell,PSMB9,51.2
983,Dendritic Cell,PSMD1,22
984,Dendritic Cell,PSTPIP2,11.4
985,Dendritic Cell,PTAFR,50.95
986,Dendritic Cell,PTK2,4.8
987,Dendritic Cell,PTK2B,21.3
988,Dendritic Cell,PTK7,6.3
989,Dendritic Cell,PTMA,1681.4
990,Dendritic Cell,PTP4A1,32.25
991,Dendritic Cell,PTP4A2,36.75
992,Dendritic Cell,PTPA,18.1
993,Dendritic Cell,PTPN1,8.35
994,Dendritic Cell,PTPN11,14.5
995,Dendritic Cell,PTPN12,1.75
996,Dendritic Cell,PTPN18,6.35
997,Dendritic Cell,PTPN2,51.75
998,Dendritic Cell,PTPN22,6.3
999,Dendritic Cell,PTPN6,195.7
1000,Dendritic Cell,PTPN7,2.95
1001,Dendritic Cell,PTPRA,2.5
1002,Dendritic Cell,PTPRE,265.45
1003,Dendritic Cell,PTPRJ,1.05
1004,Dendritic Cell,PTTG1,19.85
1005,Dendritic Cell,PTTG1IP,123.35
1006,Dendritic Cell,PWP2,1.1
1007,Dendritic Cell,PXN,13.45
1008,Dendritic Cell,PYCARD,645.55
1009,Dendritic Cell,RAB31,20.85
1010,Dendritic Cell,RAB3GAP2,2.75
1011,Dendritic Cell,RABGGTA,8.25
1012,Dendritic Cell,RAC1,78.9
1013,Dendritic Cell,RACGAP1,2.15
1014,Dendritic Cell,RACK1,514.5
1015,Dendritic Cell,RAD1,3.65
1016,Dendritic Cell,RAD17,2.25
1017,Dendritic Cell,RAD18,2.6
1018,Dendritic Cell,RAD50,2.25
1019,Dendritic Cell,RAD51B,5.85
1020,Dendritic Cell,RAD9A,2
1021,Dendritic Cell,RAF1,19.95
1022,Dendritic Cell,RALBP1,13.4
1023,Dendritic Cell,RAN,469.8
1024,Dendritic Cell,RANGAP1,6.2
1025,Dendritic Cell,RAP1A,17.35
1026,Dendritic Cell,RAP1B,131.35
1027,Dendritic Cell,RAP1GAP2,1.25
1028,Dendritic Cell,RAP2A,1.15
1029,Dendritic Cell,RAPGEF1,1.35
1030,Dendritic Cell,RARA,7.05
1031,Dendritic Cell,RARG,3.2
1032,Dendritic Cell,RASA3,1.8
1033,Dendritic Cell,RASGEF1B,13.6
1034,Dendritic Cell,RASSF1,19.5
1035,Dendritic Cell,RASSF2,34.75
1036,Dendritic Cell,RASSF4,38.45
1037,Dendritic Cell,RASSF5,35.15
1038,Dendritic Cell,RB1,14
1039,Dendritic Cell,RB1CC1,8.65
1040,Dendritic Cell,RBBP8,7.35
1041,Dendritic Cell,RBL1,2
1042,Dendritic Cell,RBM19,4.6
1043,Dendritic Cell,RBM47,21.9
1044,Dendritic Cell,RBMS1,9.5
1045,Dendritic Cell,RBMS3,1.75
1046,Dendritic Cell,RBPJ,110.85
1047,Dendritic Cell,RBX1,163.9
1048,Dendritic Cell,RCAN1,2.1
1049,Dendritic Cell,RCC2,2.45
1050,Dendritic Cell,RCHY1,5.45
1051,Dendritic Cell,RCN1,9.35
1052,Dendritic Cell,RDX,10.15
1053,Dendritic Cell,RECQL5,9
1054,Dendritic Cell,RERE,3.75
1055,Dendritic Cell,RFTN1,26.8
1056,Dendritic Cell,RFX3,2.45
1057,Dendritic Cell,RGCC,3.5
1058,Dendritic Cell,RGS16,4.7
1059,Dendritic Cell,RGS19,159.55
1060,Dendritic Cell,RHBDD2,49.8
1061,Dendritic Cell,RHBDF2,7.75
1062,Dendritic Cell,RHEB,32.85
1063,Dendritic Cell,RHOA,716
1064,Dendritic Cell,RHOF,42.45
1065,Dendritic Cell,RHOG,167.65
1066,Dendritic Cell,RICTOR,3.1
1067,Dendritic Cell,RIN1,2.1
1068,Dendritic Cell,RIN3,18.9
1069,Dendritic Cell,RIPK2,5.1
1070,Dendritic Cell,RIPK3,2.15
1071,Dendritic Cell,RIPOR2,58.7
1072,Dendritic Cell,RNF11,3.9
1073,Dendritic Cell,RNF144B,14.45
1074,Dendritic Cell,RNF213,17.35
1075,Dendritic Cell,RNF216,7.5
1076,Dendritic Cell,RNF8,4.95
1077,Dendritic Cell,RNLS,2.85
1078,Dendritic Cell,ROCK1,4.35
1079,Dendritic Cell,RPA1,27.45
1080,Dendritic Cell,RPA2,113.25
1081,Dendritic Cell,RPL10,4600.45
1082,Dendritic Cell,RPL13,3931.5
1083,Dendritic Cell,RPL39L,10.3
1084,Dendritic Cell,RPS19,8728.35
1085,Dendritic Cell,RPS24,2390.75
1086,Dendritic Cell,RPS27A,2346.15
1087,Dendritic Cell,RPS27L,108.55
1088,Dendritic Cell,RPS3,926.7
1089,Dendritic Cell,RPS6,3501.05
1090,Dendritic Cell,RPS6KA1,42.4
1091,Dendritic Cell,RPS6KA2,2.55
1092,Dendritic Cell,RPS6KA3,5.65
1093,Dendritic Cell,RPS6KA4,5.9
1094,Dendritic Cell,RPS6KA5,2
1095,Dendritic Cell,RPS6KB1,11.2
1096,Dendritic Cell,RPS6KB2,32.65
1097,Dendritic Cell,RRAS,1.95
1098,Dendritic Cell,RREB1,3.15
1099,Dendritic Cell,RRM1,5.4
1100,Dendritic Cell,RRM2B,4.4
1101,Dendritic Cell,RSAD2,2.5
1102,Dendritic Cell,RSF1,21.1
1103,Dendritic Cell,RTN4,10.45
1104,Dendritic Cell,RUNX1,2.05
1105,Dendritic Cell,RUNX2,8.3
1106,Dendritic Cell,RUNX3,1.35
1107,Dendritic Cell,RUVBL1,11.5
1108,Dendritic Cell,RXRA,1.05
1109,Dendritic Cell,RXYLT1,2.8
1110,Dendritic Cell,S100A10,812.9
1111,Dendritic Cell,S100A11,1687.4
1112,Dendritic Cell,S100A2,1.1
1113,Dendritic Cell,S100A4,3917
1114,Dendritic Cell,S100A6,1964.45
1115,Dendritic Cell,S100A9,2100.05
1116,Dendritic Cell,S100B,10.8
1117,Dendritic Cell,SAMSN1,11.35
1118,Dendritic Cell,SCAF11,21.35
1119,Dendritic Cell,SCAPER,5.9
1120,Dendritic Cell,SCARB1,27.25
1121,Dendritic Cell,SCHIP1,3.9
1122,Dendritic Cell,SCMH1,2.6
1123,Dendritic Cell,SDC4,1.25
1124,Dendritic Cell,SEC14L1,7.15
1125,Dendritic Cell,SELPLG,386.05
1126,Dendritic Cell,SEMA3C,3.05
1127,Dendritic Cell,SEMA4D,4.95
1128,Dendritic Cell,SERPINB1,87.5
1129,Dendritic Cell,SERTAD1,22.05
1130,Dendritic Cell,SERTAD2,2.95
1131,Dendritic Cell,SESN1,3.7
1132,Dendritic Cell,SESN2,1.5
1133,Dendritic Cell,SFSWAP,4.7
1134,Dendritic Cell,SGK1,6.6
1135,Dendritic Cell,SGK3,13.35
1136,Dendritic Cell,SGMS1,3.6
1137,Dendritic Cell,SH2B1,1.5
1138,Dendritic Cell,SH2B3,4.45
1139,Dendritic Cell,SH3BP4,2.3
1140,Dendritic Cell,SH3BP5,6.5
1141,Dendritic Cell,SH3RF1,1.15
1142,Dendritic Cell,SH3TC1,11.35
1143,Dendritic Cell,SHC1,24.65
1144,Dendritic Cell,SIAH1,11.1
1145,Dendritic Cell,SIGLEC10,19.45
1146,Dendritic Cell,SIL1,38.9
1147,Dendritic Cell,SIRPA,6.5
1148,Dendritic Cell,SIRT1,1.1
1149,Dendritic Cell,SIRT2,39.15
1150,Dendritic Cell,SIRT6,11.4
1151,Dendritic Cell,SIVA1,261.1
1152,Dendritic Cell,SKP2,9.5
1153,Dendritic Cell,SLA,37.55
1154,Dendritic Cell,SLC25A37,1.6
1155,Dendritic Cell,SLC2A1,9.1
1156,Dendritic Cell,SLC37A1,12.3
1157,Dendritic Cell,SLC6A6,2.65
1158,Dendritic Cell,SLC8A1,2.05
1159,Dendritic Cell,SLC9A3R1,81.6
1160,Dendritic Cell,SLX4IP,1.45
1161,Dendritic Cell,SMAD1,2.95
1162,Dendritic Cell,SMAD2,25.05
1163,Dendritic Cell,SMAD3,1.15
1164,Dendritic Cell,SMARCA4,6.4
1165,Dendritic Cell,SMC1A,13
1166,Dendritic Cell,SMC3,10
1167,Dendritic Cell,SMCO4,155.9
1168,Dendritic Cell,SMG1,3.75
1169,Dendritic Cell,SMPD3,64.8
1170,Dendritic Cell,SMURF2,1.05
1171,Dendritic Cell,SMYD3,5.9
1172,Dendritic Cell,SNAP47,21.2
1173,Dendritic Cell,SNCA,77.75
1174,Dendritic Cell,SND1,82.05
1175,Dendritic Cell,SNRK,2.3
1176,Dendritic Cell,SNRNP27,23.8
1177,Dendritic Cell,SNTA1,4.45
1178,Dendritic Cell,SNX8,12.05
1179,Dendritic Cell,SOCS4,1.2
1180,Dendritic Cell,SOCS6,1.85
1181,Dendritic Cell,SOD2,25.475
1182,Dendritic Cell,SORBS3,4.85
1183,Dendritic Cell,SP1,1.55
1184,Dendritic Cell,SP140L,4.9
1185,Dendritic Cell,SP2,4.15
1186,Dendritic Cell,SP3,11
1187,Dendritic Cell,SPATS2L,13.5
1188,Dendritic Cell,SPECC1L,2.7
1189,Dendritic Cell,SPI1,7.45
1190,Dendritic Cell,SPIB,271.5
1191,Dendritic Cell,SPIDR,4.1
1192,Dendritic Cell,SPTBN1,1.4
1193,Dendritic Cell,SQOR,65.9
1194,Dendritic Cell,SQSTM1,148.95
1195,Dendritic Cell,SRGN,448.85
1196,Dendritic Cell,SRPK1,4.05
1197,Dendritic Cell,SSBP2,10.65
1198,Dendritic Cell,ST3GAL1,8.85
1199,Dendritic Cell,ST3GAL2,7.45
1200,Dendritic Cell,ST6GAL1,12.4
1201,Dendritic Cell,ST7,5.1
1202,Dendritic Cell,STAG1,3.35
1203,Dendritic Cell,STAM,7.1
1204,Dendritic Cell,STAM2,2.55
1205,Dendritic Cell,STAT4,3.35
1206,Dendritic Cell,STAT5A,11.2
1207,Dendritic Cell,STAT6,11
1208,Dendritic Cell,STEAP3,1.8
1209,Dendritic Cell,STK10,12.95
1210,Dendritic Cell,STK11,1.1
1211,Dendritic Cell,STK17A,1.1
1212,Dendritic Cell,STK24,8.1
1213,Dendritic Cell,STK3,4.85
1214,Dendritic Cell,STK38,19.5
1215,Dendritic Cell,STK40,3.05
1216,Dendritic Cell,STOML2,105.2
1217,Dendritic Cell,STRADB,10.6
1218,Dendritic Cell,SUB1,296.6
1219,Dendritic Cell,SUGT1,33.3
1220,Dendritic Cell,SULF2,21.95
1221,Dendritic Cell,SUMO1,183.7
1222,Dendritic Cell,SUSD1,20.7
1223,Dendritic Cell,SYK,66.05
1224,Dendritic Cell,SYNE1,1.5
1225,Dendritic Cell,SYNE2,1.3
1226,Dendritic Cell,TAB1,3.2
1227,Dendritic Cell,TAB2,2
1228,Dendritic Cell,TACC1,20.2
1229,Dendritic Cell,TAF1,1.2
1230,Dendritic Cell,TAF1B,9.65
1231,Dendritic Cell,TAGLN,2.15
1232,Dendritic Cell,TAOK3,46.1
1233,Dendritic Cell,TAX1BP1,51.5
1234,Dendritic Cell,TBC1D1,6.2
1235,Dendritic Cell,TBC1D14,10.1
1236,Dendritic Cell,TBC1D31,2.1
1237,Dendritic Cell,TBC1D4,4.9
1238,Dendritic Cell,TBC1D5,6.7
1239,Dendritic Cell,TBCA,188.1
1240,Dendritic Cell,TBL1XR1,7.35
1241,Dendritic Cell,TBP,32.7
1242,Dendritic Cell,TBXAS1,67.5
1243,Dendritic Cell,TCEAL1,21.1
1244,Dendritic Cell,TCF12,12.35
1245,Dendritic Cell,TCF4,260.95
1246,Dendritic Cell,TCF7L2,1.9
1247,Dendritic Cell,TDP1,13.25
1248,Dendritic Cell,TERF1,11.1
1249,Dendritic Cell,TERF2,3.9
1250,Dendritic Cell,TFDP1,3.95
1251,Dendritic Cell,TFEB,11.15
1252,Dendritic Cell,TGFBI,222.2
1253,Dendritic Cell,TGIF1,16.05
1254,Dendritic Cell,THADA,3.35
1255,Dendritic Cell,THAP12,1.4
1256,Dendritic Cell,TIAM1,4.4
1257,Dendritic Cell,TICAM2,5.35
1258,Dendritic Cell,TIMP1,220.7
1259,Dendritic Cell,TKT,105.1
1260,Dendritic Cell,TLE4,1.8
1261,Dendritic Cell,TLK1,3.5
1262,Dendritic Cell,TLN1,4.3
1263,Dendritic Cell,TLR1,8.15
1264,Dendritic Cell,TLR10,6.5
1265,Dendritic Cell,TLR2,46.95
1266,Dendritic Cell,TLR4,10.15
1267,Dendritic Cell,TLR5,10.45
1268,Dendritic Cell,TLR6,1.3
1269,Dendritic Cell,TLR7,11.9
1270,Dendritic Cell,TLR8,3.65
1271,Dendritic Cell,TLR9,37.45
1272,Dendritic Cell,TMEM30A,40.55
1273,Dendritic Cell,TMX3,4.85
1274,Dendritic Cell,TNFAIP8,87.35
1275,Dendritic Cell,TNFAIP8L1,1.6
1276,Dendritic Cell,TNFRSF10A,2.75
1277,Dendritic Cell,TNFRSF10B,6.8
1278,Dendritic Cell,TNFRSF10C,1.95
1279,Dendritic Cell,TNFRSF10D,1.25
1280,Dendritic Cell,TNFRSF11B,1.4
1281,Dendritic Cell,TNFRSF1B,39.35
1282,Dendritic Cell,TNFRSF21,33.55
1283,Dendritic Cell,TNFRSF8,4.85
1284,Dendritic Cell,TNFSF10,22.2
1285,Dendritic Cell,TNFSF13B,125.15
1286,Dendritic Cell,TNFSF8,9.2
1287,Dendritic Cell,TNIP1,9.95
1288,Dendritic Cell,TNIP2,5.55
1289,Dendritic Cell,TNRC6B,56.1
1290,Dendritic Cell,TNS3,2.9
1291,Dendritic Cell,TOLLIP,67.65
1292,Dendritic Cell,TOP1,13.15
1293,Dendritic Cell,TOX2,1.2
1294,Dendritic Cell,TP53BP1,1.15
1295,Dendritic Cell,TP53I3,9.5
1296,Dendritic Cell,TP53INP1,1.3
1297,Dendritic Cell,TP53RK,18.9
1298,Dendritic Cell,TPCN1,6.6
1299,Dendritic Cell,TPD52,3.45
1300,Dendritic Cell,TRADD,46.1
1301,Dendritic Cell,TRAF1,1.55
1302,Dendritic Cell,TRAF2,9.7
1303,Dendritic Cell,TRAF4,25.95
1304,Dendritic Cell,TRAF5,1.1
1305,Dendritic Cell,TRAF6,8.65
1306,Dendritic Cell,TRAPPC9,3.7
1307,Dendritic Cell,TRIAP1,49.25
1308,Dendritic Cell,TRIB3,3.6
1309,Dendritic Cell,TRIM21,65.1
1310,Dendritic Cell,TRIM25,2.45
1311,Dendritic Cell,TRIM28,14.8
1312,Dendritic Cell,TRIP6,2.95
1313,Dendritic Cell,TSC1,1.15
1314,Dendritic Cell,TSC2,1.4
1315,Dendritic Cell,TSC22D3,210.15
1316,Dendritic Cell,TSPAN14,21.8
1317,Dendritic Cell,TSPAN3,188.35
1318,Dendritic Cell,TTC1,62.1
1319,Dendritic Cell,TUBA1C,21.15
1320,Dendritic Cell,TUBB,15.15
1321,Dendritic Cell,TUBGCP5,2.2
1322,Dendritic Cell,TXN,831.35
1323,Dendritic Cell,TXNIP,217.3
1324,Dendritic Cell,TXNRD1,29.05
1325,Dendritic Cell,TYROBP,1600.95
1326,Dendritic Cell,UBA52,2154.45
1327,Dendritic Cell,UBB,2485.2
1328,Dendritic Cell,UBC,345.15
1329,Dendritic Cell,UBE2F,46.2
1330,Dendritic Cell,UBE2H,1.5
1331,Dendritic Cell,UBE2I,178
1332,Dendritic Cell,UBE2L3,90.9
1333,Dendritic Cell,UBE2N,93.55
1334,Dendritic Cell,UBR1,1.6
1335,Dendritic Cell,UHRF1,2.8
1336,Dendritic Cell,UIMC1,8.2
1337,Dendritic Cell,ULK1,1.85
1338,Dendritic Cell,UPP1,7.45
1339,Dendritic Cell,UQCC1,13.7
1340,Dendritic Cell,USF1,2.45
1341,Dendritic Cell,USF2,28.5
1342,Dendritic Cell,USP1,10.95
1343,Dendritic Cell,USP10,43.25
1344,Dendritic Cell,USP34,1.9
1345,Dendritic Cell,USP4,47.4
1346,Dendritic Cell,USP7,4.1
1347,Dendritic Cell,USP9X,2.8
1348,Dendritic Cell,UTP14A,11.25
1349,Dendritic Cell,UTRN,31.15
1350,Dendritic Cell,UVRAG,18.05
1351,Dendritic Cell,VAC14,4.1
1352,Dendritic Cell,VASP,3.05
1353,Dendritic Cell,VAV1,14.5
1354,Dendritic Cell,VAV3,1.85
1355,Dendritic Cell,VCAN,39.45
1356,Dendritic Cell,VCL,12.95
1357,Dendritic Cell,VCP,41.45
1358,Dendritic Cell,VDR,2.25
1359,Dendritic Cell,VEGFB,32.75
1360,Dendritic Cell,VGLL4,4.8
1361,Dendritic Cell,VHL,1.15
1362,Dendritic Cell,VIM,537.95
1363,Dendritic Cell,VMP1,86.45
1364,Dendritic Cell,VOPP1,24.15
1365,Dendritic Cell,VPS13A,1.1
1366,Dendritic Cell,VPS33B,5.05
1367,Dendritic Cell,VPS53,2.1
1368,Dendritic Cell,VPS8,4.6
1369,Dendritic Cell,VRK1,19.35
1370,Dendritic Cell,VRK2,22.95
1371,Dendritic Cell,VWA5A,5.45
1372,Dendritic Cell,WARS,181.5
1373,Dendritic Cell,WASF1,4.4
1374,Dendritic Cell,WASF2,46.5
1375,Dendritic Cell,WASL,1.55
1376,Dendritic Cell,WNK1,1.35
1377,Dendritic Cell,XAF1,3.65
1378,Dendritic Cell,XPA,28.1
1379,Dendritic Cell,XPC,11.55
1380,Dendritic Cell,XPO1,3.45
1381,Dendritic Cell,XRCC5,119.35
1382,Dendritic Cell,XRCC6,231.6
1383,Dendritic Cell,XXYLT1,5.85
1384,Dendritic Cell,YBX3,1.6
1385,Dendritic Cell,YWHAB,80.45
1386,Dendritic Cell,YWHAE,90.95
1387,Dendritic Cell,YWHAG,2.25
1388,Dendritic Cell,YWHAH,12.3
1389,Dendritic Cell,YWHAQ,96.3
1390,Dendritic Cell,YWHAZ,277.8
1391,Dendritic Cell,YY1,4.75
1392,Dendritic Cell,ZBTB20,3.25
1393,Dendritic Cell,ZC3HAV1,14.15
1394,Dendritic Cell,ZEB2,20.9
1395,Dendritic Cell,ZFP36,55.1
1396,Dendritic Cell,ZFP36L1,61.75
1397,Dendritic Cell,ZMIZ1,2.35
1398,Dendritic Cell,ZMYND8,9.95
1399,Dendritic Cell,ZNF107,1.85
1400,Dendritic Cell,ZNF124,8.95
1401,Dendritic Cell,ZNF140,7.25
1402,Dendritic Cell,ZNF148,10.9
1403,Dendritic Cell,ZNF155,2.9
1404,Dendritic Cell,ZNF169,2
1405,Dendritic Cell,ZNF181,5.7
1406,Dendritic Cell,ZNF184,2.95
1407,Dendritic Cell,ZNF200,4.8
1408,Dendritic Cell,ZNF222,2.5
1409,Dendritic Cell,ZNF226,16.75
1410,Dendritic Cell,ZNF227,5.55
1411,Dendritic Cell,ZNF23,1.3
1412,Dendritic Cell,ZNF230,2.55
1413,Dendritic Cell,ZNF235,4.9
1414,Dendritic Cell,ZNF254,2.2
1415,Dendritic Cell,ZNF263,2.7
1416,Dendritic Cell,ZNF267,12.05
1417,Dendritic Cell,ZNF268,6.25
1418,Dendritic Cell,ZNF302,12.75
1419,Dendritic Cell,ZNF331,4
1420,Dendritic Cell,ZNF333,2.6
1421,Dendritic Cell,ZNF337,2.8
1422,Dendritic Cell,ZNF33B,7.8
1423,Dendritic Cell,ZNF343,2.55
1424,Dendritic Cell,ZNF354A,3.35
1425,Dendritic Cell,ZNF41,2.7
1426,Dendritic Cell,ZNF417,2.25
1427,Dendritic Cell,ZNF418,1.35
1428,Dendritic Cell,ZNF419,3.35
1429,Dendritic Cell,ZNF425,1.25
1430,Dendritic Cell,ZNF529,1.15
1431,Dendritic Cell,ZNF550,1.4
1432,Dendritic Cell,ZNF567,2.35
1433,Dendritic Cell,ZNF585A,20.1
1434,Dendritic Cell,ZNF589,6.05
1435,Dendritic Cell,ZNF596,1.75
1436,Dendritic Cell,ZNF599,1.5
1437,Dendritic Cell,ZNF613,4.8
1438,Dendritic Cell,ZNF655,28.3
1439,Dendritic Cell,ZNF669,3.25
1440,Dendritic Cell,ZNF670,1.7
1441,Dendritic Cell,ZNF689,5.25
1442,Dendritic Cell,ZNF721,9
1443,Dendritic Cell,ZNF764,1.7
1444,Dendritic Cell,ZNF786,3.8
1445,Dendritic Cell,ZNF79,4.4
1446,Dendritic Cell,ZNF81,1.15
1447,Dendritic Cell,ZNF84,6.4
1448,Dendritic Cell,ZNF879,2.6