Table S6: IEI Candidate Genes with Average in Myeloid Cells > 1 TPM Filter,CellType,Gene,mean
1,Myeloid,ABCA7,3.25
2,Myeloid,ABI1,66.63333333
3,Myeloid,ABLIM1,1.716666667
4,Myeloid,ACER3,1.116666667
5,Myeloid,ACP1,45.16666667
6,Myeloid,ACPP,33.01666667
7,Myeloid,ACSL5,17.2
8,Myeloid,ACTA1,17.66666667
9,Myeloid,ACTA2,11.48333333
10,Myeloid,ACTN1,81.25
11,Myeloid,ACTR2,193.7
12,Myeloid,ACVR1,1.183333333
13,Myeloid,ACVR1B,1.683333333
14,Myeloid,ADAM15,10.03333333
15,Myeloid,ADAM19,45.96666667
16,Myeloid,ADAR,11.53333333
17,Myeloid,ADCY7,8.1
18,Myeloid,ADD3,62.76666667
19,Myeloid,ADORA2B,4.1
20,Myeloid,ADRB2,17.76666667
21,Myeloid,AEBP2,2.433333333
22,Myeloid,AEN,1.683333333
23,Myeloid,AFF1,8.566666667
24,Myeloid,AHI1,1.5
25,Myeloid,AHNAK,27.15
26,Myeloid,AHSA1,53.58333333
27,Myeloid,AIFM1,12.96666667
28,Myeloid,AIM2,6.633333333
29,Myeloid,AKAP12,4.433333333
30,Myeloid,AKAP13,98.45
31,Myeloid,AKAP8,2.933333333
32,Myeloid,AKT1,16.13333333
33,Myeloid,AKT2,2.2
34,Myeloid,ALCAM,2.133333333
35,Myeloid,ALDH1A2,4.233333333
36,Myeloid,ALOX5,96.3
37,Myeloid,ALOX5AP,2196.983333
38,Myeloid,ALPL,41.25
39,Myeloid,AMBRA1,2.633333333
40,Myeloid,AMPD3,6.4
41,Myeloid,ANGPT1,1.083333333
42,Myeloid,ANKRD11,3.716666667
43,Myeloid,ANKRD28,2.116666667
44,Myeloid,ANKRD44,29
45,Myeloid,ANKS1B,1.216666667
46,Myeloid,ANO6,3.416666667
47,Myeloid,ANP32A,22.21666667
48,Myeloid,ANXA1,841.5
49,Myeloid,ANXA2,1707.15
50,Myeloid,ANXA4,32.63333333
51,Myeloid,AP3S2,10.63333333
52,Myeloid,APAF1,17.15
53,Myeloid,APBB1,1.983333333
54,Myeloid,APC,4.216666667
55,Myeloid,APEX1,36.33333333
56,Myeloid,APH1A,7.583333333
57,Myeloid,APOBEC3D,2.816666667
58,Myeloid,APOBEC3F,6.316666667
59,Myeloid,APOL6,4.9
60,Myeloid,APP,1.633333333
61,Myeloid,ARAF,39.58333333
62,Myeloid,AREG,2.816666667
63,Myeloid,ARFGAP1,4.8
64,Myeloid,ARHGAP1,34.15
65,Myeloid,ARHGAP10,2.533333333
66,Myeloid,ARHGAP12,1.233333333
67,Myeloid,ARHGAP15,78.73333333
68,Myeloid,ARHGAP24,3.533333333
69,Myeloid,ARHGAP25,202.6166667
70,Myeloid,ARHGAP26,4.783333333
71,Myeloid,ARHGDIB,3228.966667
72,Myeloid,ARHGEF10L,5.65
73,Myeloid,ARHGEF2,15.91666667
74,Myeloid,ARHGEF3,14.5
75,Myeloid,ARHGEF6,23.18333333
76,Myeloid,ARHGEF7,7.166666667
77,Myeloid,ARID1A,1.133333333
78,Myeloid,ARID1B,2.3
79,Myeloid,ARID3A,1.416666667
80,Myeloid,ARID5B,3.15
81,Myeloid,ARIH2,25.58333333
82,Myeloid,ARNTL,12.73333333
83,Myeloid,ARRB1,56.98333333
84,Myeloid,ARRB2,144.5833333
85,Myeloid,ARRDC4,1.1
86,Myeloid,ARSG,7.066666667
87,Myeloid,ASAP1,3
88,Myeloid,ASCC3,2.333333333
89,Myeloid,ASH2L,24.21666667
90,Myeloid,ATF1,14.58333333
91,Myeloid,ATF2,15.1
92,Myeloid,ATF3,2.233333333
93,Myeloid,ATF4,23.65
94,Myeloid,ATG4C,12.06666667
95,Myeloid,ATG7,67.86666667
96,Myeloid,ATL1,3.4
97,Myeloid,ATP13A1,2.966666667
98,Myeloid,ATP6V0A1,8.966666667
99,Myeloid,ATP8B4,1.55
100,Myeloid,AURKA,2.633333333
101,Myeloid,AXIN1,1.5
102,Myeloid,B3GAT3,18.55
103,Myeloid,BACH1,49.43333333
104,Myeloid,BAD,59.25
105,Myeloid,BAG1,20.78333333
106,Myeloid,BAK1,46.38333333
107,Myeloid,BANP,24.01666667
108,Myeloid,BARD1,2.683333333
109,Myeloid,BAX,11
110,Myeloid,BBC3,1.133333333
111,Myeloid,BCAP31,418.5833333
112,Myeloid,BCAS3,14.88333333
113,Myeloid,BCAT1,3.233333333
114,Myeloid,BCL11A,16.41666667
115,Myeloid,BCL2A1,146.4333333
116,Myeloid,BCL2L1,17.83333333
117,Myeloid,BCL2L11,3.45
118,Myeloid,BCL3,3.383333333
119,Myeloid,BCL6,52.9
120,Myeloid,BCOR,3.083333333
121,Myeloid,BECN1,113.0333333
122,Myeloid,BHLHE40,21.71666667
123,Myeloid,BID,499.1833333
124,Myeloid,BIK,11.9
125,Myeloid,BIN1,2.05
126,Myeloid,BIRC2,52.28333333
127,Myeloid,BIRC3,3.866666667
128,Myeloid,BLVRA,171.4
129,Myeloid,BMI1,3.066666667
130,Myeloid,BNIP3,4.383333333
131,Myeloid,BNIP3L,183.75
132,Myeloid,BORA,1.733333333
133,Myeloid,BRAF,1.5
134,Myeloid,BRD8,10.01666667
135,Myeloid,BST1,107.2666667
136,Myeloid,BST2,201.95
137,Myeloid,BTBD1,2.533333333
138,Myeloid,BTG1,221.7333333
139,Myeloid,BTG2,23.08333333
140,Myeloid,BTG3,1.5
141,Myeloid,BTN2A1,18.43333333
142,Myeloid,BTN2A2,6.7
143,Myeloid,BTN3A1,16.26666667
144,Myeloid,BTN3A2,38.45
145,Myeloid,BTRC,1.3
146,Myeloid,C4BPA,3.566666667
147,Myeloid,C5AR1,89.1
148,Myeloid,CAB39,4.133333333
149,Myeloid,CALM1,415.8666667
150,Myeloid,CALM2,1652.5
151,Myeloid,CALR,66.86666667
152,Myeloid,CAMK2D,3.116666667
153,Myeloid,CAMK2G,39.31666667
154,Myeloid,CANX,36.21666667
155,Myeloid,CAPN1,43.51666667
156,Myeloid,CAPN2,36.45
157,Myeloid,CASP1,186.2
158,Myeloid,CASP2,23.48333333
159,Myeloid,CASP3,150.9666667
160,Myeloid,CASP4,149.2
161,Myeloid,CASP5,9.883333333
162,Myeloid,CASP6,7.483333333
163,Myeloid,CASP7,12
164,Myeloid,CASP8AP2,7.866666667
165,Myeloid,CASP9,24.16666667
166,Myeloid,CAST,58.53333333
167,Myeloid,CAT,827.85
168,Myeloid,CAV1,1.333333333
169,Myeloid,CBL,2.333333333
170,Myeloid,CBLB,1.183333333
171,Myeloid,CCAR2,17.38333333
172,Myeloid,CCDC12,85.18333333
173,Myeloid,CCDC88C,2.133333333
174,Myeloid,CCDC91,4.666666667
175,Myeloid,CCL2,1.55
176,Myeloid,CCL4,6.4
177,Myeloid,CCL5,41.2
178,Myeloid,CCM2,55.38333333
179,Myeloid,CCNA1,6.45
180,Myeloid,CCNB1,2.033333333
181,Myeloid,CCND2,2.45
182,Myeloid,CCND3,413.3833333
183,Myeloid,CCNG1,25.13333333
184,Myeloid,CCNG2,6.833333333
185,Myeloid,CCNH,26.66666667
186,Myeloid,CCNK,6.233333333
187,Myeloid,CCNY,8.583333333
188,Myeloid,CCR1,59.03333333
189,Myeloid,CCR2,131.5666667
190,Myeloid,CCR3,777.7333333
191,Myeloid,CCR5,2.3
192,Myeloid,CCR7,11.21666667
193,Myeloid,CCRL2,8.183333333
194,Myeloid,CD14,575.1666667
195,Myeloid,CD180,9.4
196,Myeloid,CD2,4.483333333
197,Myeloid,CD244,98.43333333
198,Myeloid,CD247,2.45
199,Myeloid,CD274,1.283333333
200,Myeloid,CD28,2.133333333
201,Myeloid,CD33,52.9
202,Myeloid,CD36,174.3333333
203,Myeloid,CD4,92.81666667
204,Myeloid,CD44,157.3333333
205,Myeloid,CD47,112.3
206,Myeloid,CD48,233
207,Myeloid,CD58,65.81666667
208,Myeloid,CD68,1465.55
209,Myeloid,CD69,1.066666667
210,Myeloid,CD74,5413.95
211,Myeloid,CD82,132.15
212,Myeloid,CD83,6.983333333
213,Myeloid,CD86,36.51666667
214,Myeloid,CD93,9.633333333
215,Myeloid,CDC14A,4.866666667
216,Myeloid,CDC14B,1.35
217,Myeloid,CDC25B,1.466666667
218,Myeloid,CDC34,3.1
219,Myeloid,CDC37,75.23333333
220,Myeloid,CDC42,205.1333333
221,Myeloid,CDC42EP3,62.21666667
222,Myeloid,CDC42SE2,77.01666667
223,Myeloid,CDH13,1.466666667
224,Myeloid,CDH23,10.11666667
225,Myeloid,CDK11B,5.133333333
226,Myeloid,CDK12,3.25
227,Myeloid,CDK14,1.833333333
228,Myeloid,CDK16,5.183333333
229,Myeloid,CDK19,1.183333333
230,Myeloid,CDK2,2.016666667
231,Myeloid,CDK4,21.08333333
232,Myeloid,CDK5,18.93333333
233,Myeloid,CDK5RAP2,3.483333333
234,Myeloid,CDK6,1.65
235,Myeloid,CDK7,10.33333333
236,Myeloid,CDK9,4.3
237,Myeloid,CDKAL1,3.45
238,Myeloid,CDKN1A,20.41666667
239,Myeloid,CDKN1B,5.9
240,Myeloid,CDKN1C,57.36666667
241,Myeloid,CDKN2A,1.25
242,Myeloid,CDKN2C,4.716666667
243,Myeloid,CDYL,1.15
244,Myeloid,CEBPA,7.016666667
245,Myeloid,CEBPB,6.583333333
246,Myeloid,CEBPD,6.783333333
247,Myeloid,CELF1,11.85
248,Myeloid,CEP85L,7.766666667
249,Myeloid,CFL1,1986.45
250,Myeloid,CFLAR,90.51666667
251,Myeloid,CHD2,25.3
252,Myeloid,CHD9,27.8
253,Myeloid,CHEK2,3.316666667
254,Myeloid,CHI3L1,50.26666667
255,Myeloid,CHKA,1.383333333
256,Myeloid,CHN2,5.35
257,Myeloid,CHST15,22.21666667
258,Myeloid,CHUK,1.35
259,Myeloid,CISH,8.183333333
260,Myeloid,CKS1B,28.51666667
261,Myeloid,CLC,6266.383333
262,Myeloid,CLEC16A,1.716666667
263,Myeloid,CLIC2,4.666666667
264,Myeloid,CMKLR1,3.116666667
265,Myeloid,CMTM7,100.55
266,Myeloid,CMTR1,3.883333333
267,Myeloid,COP1,5.316666667
268,Myeloid,COPS5,36.43333333
269,Myeloid,COPS6,138.1333333
270,Myeloid,CPEB4,1.333333333
271,Myeloid,CPQ,59.76666667
272,Myeloid,CRADD,23.53333333
273,Myeloid,CREB1,26.73333333
274,Myeloid,CREB5,27.23333333
275,Myeloid,CREBBP,1.9
276,Myeloid,CREM,5.166666667
277,Myeloid,CRK,4.8
278,Myeloid,CRKL,14.38333333
279,Myeloid,CSF1,4.25
280,Myeloid,CSF1R,162.9833333
281,Myeloid,CSGALNACT1,5.716666667
282,Myeloid,CSK,100.2333333
283,Myeloid,CSNK1A1,59.65
284,Myeloid,CSNK1D,18.9
285,Myeloid,CSNK1E,1.983333333
286,Myeloid,CSNK2A1,22.75
287,Myeloid,CSNK2A2,8.083333333
288,Myeloid,CSNK2B,15.98333333
289,Myeloid,CSRP1,36.63333333
290,Myeloid,CTBP1,14.11666667
291,Myeloid,CTCF,3.45
292,Myeloid,CTNNA1,21.13333333
293,Myeloid,CTNNB1,6.683333333
294,Myeloid,CTNND1,5.833333333
295,Myeloid,CTSB,648.9833333
296,Myeloid,CTSD,229.35
297,Myeloid,CTSG,1.933333333
298,Myeloid,CTSH,53.81666667
299,Myeloid,CTSL,41.2
300,Myeloid,CUEDC1,1.066666667
301,Myeloid,CUL1,16.45
302,Myeloid,CUX1,9.983333333
303,Myeloid,CXCL1,4.866666667
304,Myeloid,CXCL10,15.55
305,Myeloid,CXCL8,47.98333333
306,Myeloid,CYLD,25.5
307,Myeloid,CYTH1,58.85
308,Myeloid,CYTH4,69.75
309,Myeloid,DAAM1,2.983333333
310,Myeloid,DAB2,2.166666667
311,Myeloid,DAP3,71.6
312,Myeloid,DAPK1,6.466666667
313,Myeloid,DAPK2,46.63333333
314,Myeloid,DAPK3,19.2
315,Myeloid,DAPP1,87.91666667
316,Myeloid,DAXX,10.88333333
317,Myeloid,DBI,497.2833333
318,Myeloid,DBNL,283.3333333
319,Myeloid,DCN,4.266666667
320,Myeloid,DCP1B,2.2
321,Myeloid,DDB1,27.45
322,Myeloid,DDB2,11.05
323,Myeloid,DDIT4,27.23333333
324,Myeloid,DDX50,9.533333333
325,Myeloid,DDX58,11.18333333
326,Myeloid,DDX60L,8.5
327,Myeloid,DENND1A,11.03333333
328,Myeloid,DENND3,15.53333333
329,Myeloid,DERA,35.95
330,Myeloid,DGKG,1.1
331,Myeloid,DHRS3,2.166666667
332,Myeloid,DHX58,5.116666667
333,Myeloid,DIABLO,14.25833333
334,Myeloid,DIAPH1,14.11666667
335,Myeloid,DIS3L2,2.066666667
336,Myeloid,DMAP1,18
337,Myeloid,DMXL2,1.8
338,Myeloid,DNAJA3,2.85
339,Myeloid,DNAJB12,20.01666667
340,Myeloid,DNAJC5,2.633333333
341,Myeloid,DNM1L,7.866666667
342,Myeloid,DNM2,4.65
343,Myeloid,DNMT1,11.78333333
344,Myeloid,DOCK10,3.7
345,Myeloid,DOCK5,8.466666667
346,Myeloid,DOK1,17.46666667
347,Myeloid,DPM1,14.15
348,Myeloid,DPYD,27.26666667
349,Myeloid,DPYSL2,26.4
350,Myeloid,DSE,1.083333333
351,Myeloid,DTNB,1.633333333
352,Myeloid,DTNBP1,8.933333333
353,Myeloid,DTWD1,7.316666667
354,Myeloid,DTX3L,13.81666667
355,Myeloid,DUSP1,1389.35
356,Myeloid,DUSP10,2.55
357,Myeloid,DUSP11,45.68333333
358,Myeloid,DUSP22,20.23333333
359,Myeloid,DUSP3,11.65
360,Myeloid,DUSP5,1.766666667
361,Myeloid,DUSP6,579.5166667
362,Myeloid,DUSP7,3.766666667
363,Myeloid,DVL2,5.05
364,Myeloid,DYM,17.76666667
365,Myeloid,DYRK1A,1.05
366,Myeloid,DYRK2,1.166666667
367,Myeloid,E2F3,2.35
368,Myeloid,E2F4,6.583333333
369,Myeloid,EARS2,1.35
370,Myeloid,EBI3,1.483333333
371,Myeloid,ECE1,7.366666667
372,Myeloid,ECSIT,16.71666667
373,Myeloid,EDEM2,53.21666667
374,Myeloid,EEF1A1,3116.2
375,Myeloid,EFCAB2,1.35
376,Myeloid,EGR1,1.883333333
377,Myeloid,EHD1,31.01666667
378,Myeloid,EI24,3.916666667
379,Myeloid,EIF2A,26.11666667
380,Myeloid,EIF2AK1,6.616666667
381,Myeloid,EIF2AK2,18.1
382,Myeloid,EIF2AK4,9.283333333
383,Myeloid,EIF2S1,35.73333333
384,Myeloid,EIF3H,192
385,Myeloid,EIF4B,44.3
386,Myeloid,EIF4E,32.28333333
387,Myeloid,EIF4EBP1,117.0333333
388,Myeloid,EIF4G2,324.4
389,Myeloid,ELAVL1,17.78333333
390,Myeloid,ELF1,92.41666667
391,Myeloid,ELF4,4.05
392,Myeloid,ELK1,3.916666667
393,Myeloid,ELL,4.6
394,Myeloid,ELMO1,40.33333333
395,Myeloid,ELP1,9.333333333
396,Myeloid,ELP3,12.28333333
397,Myeloid,EMC2,19.65
398,Myeloid,EML2,3.833333333
399,Myeloid,ENC1,1.116666667
400,Myeloid,ENOX2,8.7
401,Myeloid,ENPP2,9.166666667
402,Myeloid,ENTPD1,37.61666667
403,Myeloid,EP300,1.833333333
404,Myeloid,EPAS1,3.716666667
405,Myeloid,EPB41L2,2.1
406,Myeloid,EPB41L3,3.316666667
407,Myeloid,EPOR,4.633333333
408,Myeloid,EPS15,9.3
409,Myeloid,EPS8,5.5
410,Myeloid,EPSTI1,29.95
411,Myeloid,ERAP1,14.3
412,Myeloid,ERBIN,5.383333333
413,Myeloid,ERCC1,60.11666667
414,Myeloid,ERCC5,16.35
415,Myeloid,ERCC6,5.55
416,Myeloid,ERGIC1,11.01666667
417,Myeloid,ERN1,2.933333333
418,Myeloid,ESYT2,1.116666667
419,Myeloid,ETS1,7.683333333
420,Myeloid,ETS2,17.01666667
421,Myeloid,ETV3,3.7
422,Myeloid,ETV6,5
423,Myeloid,ETV7,3.566666667
424,Myeloid,EVL,8.566666667
425,Myeloid,EXOC4,7.666666667
426,Myeloid,EXOC6,7.766666667
427,Myeloid,EZH2,1.083333333
428,Myeloid,EZR,103.5
429,Myeloid,F5,2.483333333
430,Myeloid,F8,2.033333333
431,Myeloid,FAF1,2.05
432,Myeloid,FAM111A,2.633333333
433,Myeloid,FAM129A,12.65
434,Myeloid,FAM172A,5.233333333
435,Myeloid,FAM19A2,6.1
436,Myeloid,FAM49B,249.65
437,Myeloid,FAM78A,7.916666667
438,Myeloid,FANCG,2.7
439,Myeloid,FAS,29.75
440,Myeloid,FBP1,109.9666667
441,Myeloid,FBXO11,1.466666667
442,Myeloid,FBXO5,1.016666667
443,Myeloid,FBXW11,7.316666667
444,Myeloid,FBXW7,4.75
445,Myeloid,FCER1A,2620.016667
446,Myeloid,FCER1G,2558.15
447,Myeloid,FCER2,3.566666667
448,Myeloid,FCGR1A,30.81666667
449,Myeloid,FCGR2A,424.4833333
450,Myeloid,FCGRT,815.2666667
451,Myeloid,FCHSD2,10.13333333
452,Myeloid,FDPS,65.76666667
453,Myeloid,FDXR,3
454,Myeloid,FEN1,8.766666667
455,Myeloid,FER,2.783333333
456,Myeloid,FES,97.08333333
457,Myeloid,FGFR2,1.85
458,Myeloid,FGGY,1.433333333
459,Myeloid,FGR,232
460,Myeloid,FHIT,2.133333333
461,Myeloid,FHL2,1.116666667
462,Myeloid,FKBP1A,638.65
463,Myeloid,FKBP5,59.5
464,Myeloid,FKBP8,29.5
465,Myeloid,FLI1,14.95
466,Myeloid,FLNA,17.98333333
467,Myeloid,FLNB,2.333333333
468,Myeloid,FLT3,1.433333333
469,Myeloid,FMR1,1.683333333
470,Myeloid,FNBP1,6.3
471,Myeloid,FNDC3B,10.88333333
472,Myeloid,FNIP2,1.633333333
473,Myeloid,FNTA,5.416666667
474,Myeloid,FOCAD,2.5
475,Myeloid,FOS,84.66666667
476,Myeloid,FOSL2,10.48333333
477,Myeloid,FOXJ3,5
478,Myeloid,FOXN3,20.95
479,Myeloid,FOXO3,4.866666667
480,Myeloid,FOXP1,16.83333333
481,Myeloid,FPR2,164
482,Myeloid,FRMD3,1.233333333
483,Myeloid,FRMD4B,8.933333333
484,Myeloid,FRS2,2.983333333
485,Myeloid,FRY,4
486,Myeloid,FRYL,2.466666667
487,Myeloid,FTO,11.4
488,Myeloid,FURIN,3.4
489,Myeloid,FUS,28.95
490,Myeloid,FYB1,401.3666667
491,Myeloid,FYN,2.716666667
492,Myeloid,G3BP1,34.16666667
493,Myeloid,GAB1,1.3
494,Myeloid,GAB2,5.4
495,Myeloid,GABPA,4.616666667
496,Myeloid,GADD45A,9.9
497,Myeloid,GADD45B,47.45
498,Myeloid,GALNT10,1.466666667
499,Myeloid,GALNT2,5.066666667
500,Myeloid,GAPDH,1692.283333
501,Myeloid,GAS7,9.1
502,Myeloid,GATA1,71.96666667
503,Myeloid,GATAD2A,3.133333333
504,Myeloid,GBP1,45.23333333
505,Myeloid,GFAP,1.166666667
506,Myeloid,GFI1B,81.61666667
507,Myeloid,GIT1,1.1
508,Myeloid,GLIPR2,269.45
509,Myeloid,GLRX,397.35
510,Myeloid,GLS,1.666666667
511,Myeloid,GM2A,9.7
512,Myeloid,GMDS,5.166666667
513,Myeloid,GNA11,1.383333333
514,Myeloid,GNA13,7.683333333
515,Myeloid,GNA14,3.366666667
516,Myeloid,GNA15,14.1
517,Myeloid,GNAI1,1.2
518,Myeloid,GNAI2,37.43333333
519,Myeloid,GNAI3,11.6
520,Myeloid,GNAQ,6.65
521,Myeloid,GNAS,47.95
522,Myeloid,GNB2,40.36666667
523,Myeloid,GNB5,2.9
524,Myeloid,GNG2,141.6
525,Myeloid,GOLPH3,8.25
526,Myeloid,GORASP1,3.45
527,Myeloid,GPATCH2,1.833333333
528,Myeloid,GPCPD1,5.866666667
529,Myeloid,GPD2,1.516666667
530,Myeloid,GPR107,2.266666667
531,Myeloid,GPR132,5.433333333
532,Myeloid,GPR141,4.55
533,Myeloid,GPR146,13.35
534,Myeloid,GRAMD1A,8.733333333
535,Myeloid,GRAP2,1.7
536,Myeloid,GRB10,1.883333333
537,Myeloid,GRB2,140.1833333
538,Myeloid,GRK2,18.5
539,Myeloid,GRK5,2.85
540,Myeloid,GRK6,31.43333333
541,Myeloid,GRN,619.6166667
542,Myeloid,GSAP,5.183333333
543,Myeloid,GSE1,1.35
544,Myeloid,GSK3B,2.95
545,Myeloid,GSN,303.5666667
546,Myeloid,GSTK1,323
547,Myeloid,GSTP1,1013.2
548,Myeloid,GTDC1,3.616666667
549,Myeloid,GTF2H1,9.35
550,Myeloid,GTF2I,6.383333333
551,Myeloid,GZMB,7.983333333
552,Myeloid,H2AFX,1.55
553,Myeloid,HBP1,71.43333333
554,Myeloid,HCFC1,1.3
555,Myeloid,HCK,582.7
556,Myeloid,HDAC1,100.3166667
557,Myeloid,HDAC2,30.2
558,Myeloid,HDAC3,32.55
559,Myeloid,HDAC4,12.75
560,Myeloid,HDAC6,4.5
561,Myeloid,HDAC7,1.083333333
562,Myeloid,HDAC9,7.266666667
563,Myeloid,HERC1,8.066666667
564,Myeloid,HGF,19.86666667
565,Myeloid,HIF1A,40.01666667
566,Myeloid,HIPK2,4.816666667
567,Myeloid,HIPK3,8.866666667
568,Myeloid,HIST1H2AM,17.2
569,Myeloid,HIST2H2AC,39.46666667
570,Myeloid,HIVEP1,3.183333333
571,Myeloid,HK1,64.01666667
572,Myeloid,HK2,14.26666667
573,Myeloid,HLA-A,130.7333333
574,Myeloid,HLA-B,278.0666667
575,Myeloid,HLA-DMA,1.15
576,Myeloid,HLA-DMB,7.466666667
577,Myeloid,HLA-DOA,1.033333333
578,Myeloid,HLA-DPA1,54.88333333
579,Myeloid,HLA-DPB1,84.11666667
580,Myeloid,HLA-DQA1,55.88333333
581,Myeloid,HLA-DQB1,49.83333333
582,Myeloid,HLA-DRA,106.1833333
583,Myeloid,HLA-DRB1,131.1
584,Myeloid,HLA-DRB5,11.56666667
585,Myeloid,HLA-E,212.5
586,Myeloid,HLA-F,25.05
587,Myeloid,HLX,25
588,Myeloid,HM13,220.4
589,Myeloid,HMGA1,18.35
590,Myeloid,HMGB1,498.6333333
591,Myeloid,HMGB2,224.8166667
592,Myeloid,HMGN1,77.53333333
593,Myeloid,HMOX1,77.8
594,Myeloid,HNRNPK,379.1166667
595,Myeloid,HNRNPM,44.83333333
596,Myeloid,HNRNPR,25.6
597,Myeloid,HNRNPU,13.6
598,Myeloid,HNRNPUL1,7.416666667
599,Myeloid,HOXA9,1.016666667
600,Myeloid,HPCAL1,36.88333333
601,Myeloid,HS1BP3,12.45
602,Myeloid,HSF1,17.25
603,Myeloid,HSP90AA1,83.95
604,Myeloid,HSP90AB1,141.2833333
605,Myeloid,HSP90B1,74.96666667
606,Myeloid,HSPA1A,2.266666667
607,Myeloid,HSPB1,28.76666667
608,Myeloid,HSPD1,32.48333333
609,Myeloid,HTRA2,3.183333333
610,Myeloid,ICAM1,14.25
611,Myeloid,ICAM4,39.3
612,Myeloid,ID2,237.85
613,Myeloid,IDO1,64.38333333
614,Myeloid,IER5,2.716666667
615,Myeloid,IFI16,46.71666667
616,Myeloid,IFI27,1.4
617,Myeloid,IFI35,70.6
618,Myeloid,IFI6,229.2166667
619,Myeloid,IFIT1,40.25
620,Myeloid,IFIT3,118.55
621,Myeloid,IFITM1,469.6333333
622,Myeloid,IFITM3,1047.85
623,Myeloid,IGF1R,1.05
624,Myeloid,IGF2R,1.933333333
625,Myeloid,IKBKE,10.38333333
626,Myeloid,IL13RA1,6.583333333
627,Myeloid,IL15,8.983333333
628,Myeloid,IL15RA,14.03333333
629,Myeloid,IL16,161.1833333
630,Myeloid,IL18,7.866666667
631,Myeloid,IL1B,14.41666667
632,Myeloid,IL1RAP,16.25
633,Myeloid,IL27,1.45
634,Myeloid,IL3RA,311.3666667
635,Myeloid,IL4,58.11666667
636,Myeloid,IL4R,6.216666667
637,Myeloid,ILK,220.7666667
638,Myeloid,IMMP2L,7.05
639,Myeloid,ING1,10.43333333
640,Myeloid,INPP4A,1.45
641,Myeloid,INPP5D,10.55
642,Myeloid,INSR,5.45
643,Myeloid,INTS7,5.666666667
644,Myeloid,IPCEF1,18.83333333
645,Myeloid,IQGAP1,27.41666667
646,Myeloid,IQGAP2,4.4
647,Myeloid,IQSEC1,3.55
648,Myeloid,IRF1,228.4666667
649,Myeloid,IRF2,131.2833333
650,Myeloid,IRF5,21.63333333
651,Myeloid,ISG20,188.1666667
652,Myeloid,ITGA4,67.56666667
653,Myeloid,ITGA5,26.4
654,Myeloid,ITGA6,3.65
655,Myeloid,ITGAL,28.4
656,Myeloid,ITGAM,40.43333333
657,Myeloid,ITGAV,1.033333333
658,Myeloid,ITGAX,33.85
659,Myeloid,ITGB1,49.61666667
660,Myeloid,ITGB7,23.51666667
661,Myeloid,ITGB8,2.05
662,Myeloid,ITPR1,1.05
663,Myeloid,ITPR2,8.7
664,Myeloid,ITSN1,2.45
665,Myeloid,JADE2,1.666666667
666,Myeloid,JAK2,32.68333333
667,Myeloid,JMJD1C,2.883333333
668,Myeloid,JUN,1.016666667
669,Myeloid,JUNB,163.4333333
670,Myeloid,JUND,7.883333333
671,Myeloid,KAT5,32.06666667
672,Myeloid,KAT6A,1.766666667
673,Myeloid,KAT8,9.783333333
674,Myeloid,KCNJ15,44.9
675,Myeloid,KDM1A,2.516666667
676,Myeloid,KDM2B,1.966666667
677,Myeloid,KDM4C,6.316666667
678,Myeloid,KDM5A,32.1
679,Myeloid,KDM6B,1.766666667
680,Myeloid,KEAP1,27.4
681,Myeloid,KHDRBS1,4.866666667
682,Myeloid,KHSRP,2.866666667
683,Myeloid,KIF2A,7.683333333
684,Myeloid,KIT,4.333333333
685,Myeloid,KLF11,5.066666667
686,Myeloid,KLF2,30.11666667
687,Myeloid,KLF4,1.466666667
688,Myeloid,KLF5,3
689,Myeloid,KLF6,149.5833333
690,Myeloid,KLF7,15.08333333
691,Myeloid,KLHL6,3.85
692,Myeloid,KLRC1,1.133333333
693,Myeloid,KLRD1,1.866666667
694,Myeloid,KMT5A,1.6
695,Myeloid,KPNA2,23.58333333
696,Myeloid,KPNB1,10.65
697,Myeloid,KRAS,17.6
698,Myeloid,KSR1,1.2
699,Myeloid,KTN1,46.76666667
700,Myeloid,KYNU,52.63333333
701,Myeloid,LAP3,90.06666667
702,Myeloid,LAPTM5,969.15
703,Myeloid,LASP1,28.8
704,Myeloid,LATS1,4.15
705,Myeloid,LCP2,50.73333333
706,Myeloid,LDLR,6.65
707,Myeloid,LGALS3,162.0833333
708,Myeloid,LHFPL2,2.35
709,Myeloid,LIMD1,1.633333333
710,Myeloid,LIMK1,2.716666667
711,Myeloid,LIMK2,18.15
712,Myeloid,LIMS1,101.5166667
713,Myeloid,LIPA,100.2333333
714,Myeloid,LITAF,432.7333333
715,Myeloid,LMNA,7.583333333
716,Myeloid,LPP,4.55
717,Myeloid,LRP1,1.316666667
718,Myeloid,LRRFIP1,131.35
719,Myeloid,LRRK2,17.36666667
720,Myeloid,LTB,23.83333333
721,Myeloid,LTBR,29.06666667
722,Myeloid,LTF,3.316666667
723,Myeloid,LY96,97.58333333
724,Myeloid,LYL1,2.2
725,Myeloid,LYN,40.28333333
726,Myeloid,MACF1,2.3
727,Myeloid,MACROD2,1.133333333
728,Myeloid,MAD1L1,42.83333333
729,Myeloid,MAF,4.866666667
730,Myeloid,MAF1,64
731,Myeloid,MAFG,2.816666667
732,Myeloid,MAML3,2.6
733,Myeloid,MAP1LC3A,9.283333333
734,Myeloid,MAP2K1,4.616666667
735,Myeloid,MAP2K2,17.56666667
736,Myeloid,MAP2K3,67.1
737,Myeloid,MAP2K4,2.35
738,Myeloid,MAP2K5,4.2
739,Myeloid,MAP2K6,9.433333333
740,Myeloid,MAP3K1,2.716666667
741,Myeloid,MAP3K11,9.7
742,Myeloid,MAP3K2,2.783333333
743,Myeloid,MAP3K20,3.766666667
744,Myeloid,MAP3K3,11.43333333
745,Myeloid,MAP3K4,4.733333333
746,Myeloid,MAP3K5,2
747,Myeloid,MAP3K7,12
748,Myeloid,MAP3K8,27.81666667
749,Myeloid,MAP4,7.9
750,Myeloid,MAP4K1,3.616666667
751,Myeloid,MAP4K2,6.433333333
752,Myeloid,MAP4K4,3.783333333
753,Myeloid,MAP4K5,12.05
754,Myeloid,MAPK1,4.566666667
755,Myeloid,MAPK10,1.2
756,Myeloid,MAPK13,4.35
757,Myeloid,MAPK14,18.13333333
758,Myeloid,MAPK3,10.45
759,Myeloid,MAPK7,3.566666667
760,Myeloid,MAPK9,2.583333333
761,Myeloid,MAPKAP1,5.816666667
762,Myeloid,MAPKAPK2,1.366666667
763,Myeloid,MAPKAPK3,134.1
764,Myeloid,MAPKAPK5,2.466666667
765,Myeloid,MARCKS,5.333333333
766,Myeloid,MARK2,1.633333333
767,Myeloid,MARK3,19.58333333
768,Myeloid,MAST4,2.383333333
769,Myeloid,MAT2A,12.43333333
770,Myeloid,MAVS,1.433333333
771,Myeloid,MAX,243.8166667
772,Myeloid,MBNL1,55.55
773,Myeloid,MBP,15.18333333
774,Myeloid,MCL1,29.86666667
775,Myeloid,MCM3,16.98333333
776,Myeloid,MCM7,1.616666667
777,Myeloid,MCPH1,2.483333333
778,Myeloid,MCTP1,25.35
779,Myeloid,MDM2,6.25
780,Myeloid,MDM4,4.216666667
781,Myeloid,MED14,1.666666667
782,Myeloid,MED15,10.1
783,Myeloid,MED16,31.41666667
784,Myeloid,MED28,4.783333333
785,Myeloid,MED4,63.78333333
786,Myeloid,MEF2C,33.95
787,Myeloid,MEF2D,1.366666667
788,Myeloid,MERTK,2.033333333
789,Myeloid,METTL8,1.25
790,Myeloid,METTL9,26.6
791,Myeloid,MGAT1,120.5
792,Myeloid,MGLL,27.4
793,Myeloid,MGMT,13.28333333
794,Myeloid,MGRN1,4.383333333
795,Myeloid,MICAL2,2.383333333
796,Myeloid,MITF,3.366666667
797,Myeloid,MKL1,57.95
798,Myeloid,MKNK1,24
799,Myeloid,MKNK2,11.28333333
800,Myeloid,MKRN1,34.4
801,Myeloid,MLH1,15.76666667
802,Myeloid,MMP9,30.63333333
803,Myeloid,MOB1A,72.75
804,Myeloid,MOV10,3.883333333
805,Myeloid,MPG,39.58333333
806,Myeloid,MPRIP,1.75
807,Myeloid,MPZL1,34.93333333
808,Myeloid,MR1,19.23333333
809,Myeloid,MRE11,5.533333333
810,Myeloid,MRPL27,114.5333333
811,Myeloid,MRPS27,13.16666667
812,Myeloid,MS4A2,55.3
813,Myeloid,MSH2,2.616666667
814,Myeloid,MTHFR,1.933333333
815,Myeloid,MTSS1,37.88333333
816,Myeloid,MVP,106.0833333
817,Myeloid,MX1,40.43333333
818,Myeloid,MYB,1.85
819,Myeloid,MYC,17.98333333
820,Myeloid,MYCBP2,1.45
821,Myeloid,MYH9,30.71666667
822,Myeloid,MYLK,1.583333333
823,Myeloid,MYO9B,4.016666667
824,Myeloid,MYOF,9
825,Myeloid,N4BP1,1.733333333
826,Myeloid,NAA35,3.25
827,Myeloid,NABP1,7.533333333
828,Myeloid,NAIP,1.733333333
829,Myeloid,NBN,21.28333333
830,Myeloid,NCBP1,9.166666667
831,Myeloid,NCK1,25.86666667
832,Myeloid,NCK2,6.5
833,Myeloid,NCL,73.41666667
834,Myeloid,NCOA1,5.25
835,Myeloid,NCOA2,2.55
836,Myeloid,NCOA3,3.633333333
837,Myeloid,NCOA7,8.783333333
838,Myeloid,NCOR2,1.316666667
839,Myeloid,NDRG1,3.3
840,Myeloid,NDRG2,1.4
841,Myeloid,NDST1,2.816666667
842,Myeloid,NEDD9,29.23333333
843,Myeloid,NEK6,36.66666667
844,Myeloid,NEK7,2.05
845,Myeloid,NEK9,2.033333333
846,Myeloid,NF2,8.216666667
847,Myeloid,NFAM1,25.46666667
848,Myeloid,NFATC1,5.066666667
849,Myeloid,NFATC3,6.8
850,Myeloid,NFIA,1.666666667
851,Myeloid,NFIC,2.683333333
852,Myeloid,NFKBIZ,11.53333333
853,Myeloid,NFYA,3.283333333
854,Myeloid,NFYB,16.16666667
855,Myeloid,NFYC,55.6
856,Myeloid,NIN,8.333333333
857,Myeloid,NINJ1,422.5666667
858,Myeloid,NKIRAS1,3.566666667
859,Myeloid,NKX3-1,14.28333333
860,Myeloid,NLK,3.433333333
861,Myeloid,NLRC5,4.666666667
862,Myeloid,NME1,17.33333333
863,Myeloid,NME7,2.833333333
864,Myeloid,NMI,122.3166667
865,Myeloid,NOD1,6.15
866,Myeloid,NOLC1,7.883333333
867,Myeloid,NOTCH2,4.75
868,Myeloid,NPM1,151.4
869,Myeloid,NQO2,70.21666667
870,Myeloid,NR1D1,1.066666667
871,Myeloid,NR1H2,113.4833333
872,Myeloid,NR3C1,30.23333333
873,Myeloid,NR4A1,12.81666667
874,Myeloid,NR4A2,1.75
875,Myeloid,NRAS,12.98333333
876,Myeloid,NRG1,5.616666667
877,Myeloid,NSD1,8.766666667
878,Myeloid,NSMAF,5.633333333
879,Myeloid,NTRK1,11.21666667
880,Myeloid,NUAK2,25.16666667
881,Myeloid,NUMB,92.33333333
882,Myeloid,NUP153,1.65
883,Myeloid,NUP210,1.216666667
884,Myeloid,OAS2,22.2
885,Myeloid,OAS3,6.583333333
886,Myeloid,OASL,41.58333333
887,Myeloid,OGG1,8.783333333
888,Myeloid,OGT,3.05
889,Myeloid,OPTN,6.9
890,Myeloid,OSBPL3,1.8
891,Myeloid,OSBPL8,64.8
892,Myeloid,OSBPL9,21.8
893,Myeloid,OSM,11.81666667
894,Myeloid,OTUB1,160.65
895,Myeloid,OXSR1,2.683333333
896,Myeloid,P2RY6,1.35
897,Myeloid,PA2G4,48.5
898,Myeloid,PACSIN2,31.28333333
899,Myeloid,PAG1,5.266666667
900,Myeloid,PAK1,163.5
901,Myeloid,PAK2,25.01666667
902,Myeloid,PALLD,2.883333333
903,Myeloid,PANK2,6.233333333
904,Myeloid,PARK7,278.55
905,Myeloid,PARP1,28.98333333
906,Myeloid,PARP10,1.666666667
907,Myeloid,PARP14,11.8
908,Myeloid,PARP9,35.28333333
909,Myeloid,PCBP2,23.23333333
910,Myeloid,PCBP4,1.333333333
911,Myeloid,PCK2,7.816666667
912,Myeloid,PCNA,13.28333333
913,Myeloid,PDE4B,16.45
914,Myeloid,PDE4D,9.1
915,Myeloid,PDE7A,1.3
916,Myeloid,PDGFA,3.05
917,Myeloid,PDIA3,8.816666667
918,Myeloid,PDK1,8.533333333
919,Myeloid,PDK2,8.783333333
920,Myeloid,PDLIM5,46.13333333
921,Myeloid,PDPK1,6.266666667
922,Myeloid,PEA15,21.7
923,Myeloid,PEBP1,25.95
924,Myeloid,PECAM1,266.9833333
925,Myeloid,PELI1,19.16666667
926,Myeloid,PER2,1.166666667
927,Myeloid,PERP,4.9
928,Myeloid,PFKFB3,7.466666667
929,Myeloid,PFN1,5788.05
930,Myeloid,PGK1,264.65
931,Myeloid,PGPEP1,6.533333333
932,Myeloid,PGS1,13.11666667
933,Myeloid,PHACTR1,3.466666667
934,Myeloid,PHACTR2,2.933333333
935,Myeloid,PHACTR4,1.55
936,Myeloid,PHB,64.96666667
937,Myeloid,PIAS1,28.91666667
938,Myeloid,PIAS3,7.033333333
939,Myeloid,PIAS4,11.86666667
940,Myeloid,PIEZO1,4.483333333
941,Myeloid,PIK3AP1,28.4
942,Myeloid,PIK3C3,11.83333333
943,Myeloid,PIK3CA,1.366666667
944,Myeloid,PIK3CB,5.316666667
945,Myeloid,PIK3CG,16.35
946,Myeloid,PIK3R4,5.166666667
947,Myeloid,PIK3R5,12.13333333
948,Myeloid,PIM1,68.81666667
949,Myeloid,PIM2,73.91666667
950,Myeloid,PIM3,3.616666667
951,Myeloid,PIN1,179.65
952,Myeloid,PINK1,2.766666667
953,Myeloid,PIP4K2A,49.36666667
954,Myeloid,PKIG,1.433333333
955,Myeloid,PKM,274.3166667
956,Myeloid,PKN1,28.93333333
957,Myeloid,PKN2,16.31666667
958,Myeloid,PLA2G4A,3.733333333
959,Myeloid,PLAC8,169.5333333
960,Myeloid,PLAGL1,9.633333333
961,Myeloid,PLAUR,433.2
962,Myeloid,PLB1,3.016666667
963,Myeloid,PLCB2,2.55
964,Myeloid,PLD1,2.05
965,Myeloid,PLD2,2.683333333
966,Myeloid,PLEKHA2,3.016666667
967,Myeloid,PLEKHG3,6.916666667
968,Myeloid,PLEKHO1,14.55
969,Myeloid,PLK3,2.266666667
970,Myeloid,PLSCR1,76.18333333
971,Myeloid,PLSCR3,14.7
972,Myeloid,PLXNB2,8.15
973,Myeloid,PLXNC1,6.333333333
974,Myeloid,PMAIP1,51.18333333
975,Myeloid,PML,13.16666667
976,Myeloid,PMP22,11.01666667
977,Myeloid,PNKP,10.26666667
978,Myeloid,PNPLA8,23.93333333
979,Myeloid,POLA2,4.266666667
980,Myeloid,POLD4,176.9333333
981,Myeloid,PON2,1.95
982,Myeloid,POU2F1,2.3
983,Myeloid,POU2F2,24.28333333
984,Myeloid,PPARA,2.016666667
985,Myeloid,PPFIBP2,5.883333333
986,Myeloid,PPIA,551.0166667
987,Myeloid,PPM1A,1.85
988,Myeloid,PPM1B,3.783333333
989,Myeloid,PPM1D,11.61666667
990,Myeloid,PPM1G,38.45
991,Myeloid,PPM1M,15.03333333
992,Myeloid,PPP1CA,738.2333333
993,Myeloid,PPP1CB,69.43333333
994,Myeloid,PPP1CC,27.96666667
995,Myeloid,PPP1R12A,88.66666667
996,Myeloid,PPP1R14A,1.3
997,Myeloid,PPP1R15A,84.38333333
998,Myeloid,PPP1R2,92.95
999,Myeloid,PPP1R9B,2.1
1000,Myeloid,PPP2CA,50.28333333
1001,Myeloid,PPP2CB,1.783333333
1002,Myeloid,PPP2R1A,138.8833333
1003,Myeloid,PPP2R2A,2.183333333
1004,Myeloid,PPP2R5A,5.966666667
1005,Myeloid,PPP2R5C,73.66666667
1006,Myeloid,PPP2R5D,11.26666667
1007,Myeloid,PPP3CA,49.13333333
1008,Myeloid,PPP3CC,3.816666667
1009,Myeloid,PPP4C,111.9666667
1010,Myeloid,PPP5C,7.633333333
1011,Myeloid,PPP6C,28.16666667
1012,Myeloid,PRDM1,3.483333333
1013,Myeloid,PRDX1,213.4333333
1014,Myeloid,PREX1,2.9
1015,Myeloid,PRKAA1,8.733333333
1016,Myeloid,PRKAB1,30.05
1017,Myeloid,PRKACA,1.833333333
1018,Myeloid,PRKAG2,9.933333333
1019,Myeloid,PRKAR1A,111.2166667
1020,Myeloid,PRKAR1B,1.25
1021,Myeloid,PRKAR2A,6.533333333
1022,Myeloid,PRKCB,21.48333333
1023,Myeloid,PRKCH,1.9
1024,Myeloid,PRKCZ,2.416666667
1025,Myeloid,PRKD2,1.266666667
1026,Myeloid,PRKRA,14.96666667
1027,Myeloid,PRMT5,13.11666667
1028,Myeloid,PRPF40A,71.11666667
1029,Myeloid,PRPF4B,5.033333333
1030,Myeloid,PRR5,3.233333333
1031,Myeloid,PSD4,3.016666667
1032,Myeloid,PSEN1,86.1
1033,Myeloid,PSEN2,16.5
1034,Myeloid,PSMB9,106.7
1035,Myeloid,PSMD1,25
1036,Myeloid,PSTPIP2,39.08333333
1037,Myeloid,PTAFR,260.2833333
1038,Myeloid,PTGS2,1.466666667
1039,Myeloid,PTK2,1.116666667
1040,Myeloid,PTK2B,35.86666667
1041,Myeloid,PTMA,1146.25
1042,Myeloid,PTP4A1,53.2
1043,Myeloid,PTP4A2,86.33333333
1044,Myeloid,PTPA,10.91666667
1045,Myeloid,PTPN1,12.68333333
1046,Myeloid,PTPN11,11.93333333
1047,Myeloid,PTPN12,4.116666667
1048,Myeloid,PTPN18,7.366666667
1049,Myeloid,PTPN2,30.68333333
1050,Myeloid,PTPN22,6.883333333
1051,Myeloid,PTPN6,558.3166667
1052,Myeloid,PTPN7,7.416666667
1053,Myeloid,PTPRA,3.033333333
1054,Myeloid,PTPRE,152.15
1055,Myeloid,PTPRJ,2.6
1056,Myeloid,PTTG1,4.916666667
1057,Myeloid,PTTG1IP,142.85
1058,Myeloid,PWP2,1.133333333
1059,Myeloid,PXN,38.1
1060,Myeloid,PYCARD,748.5333333
1061,Myeloid,RAB31,47.45
1062,Myeloid,RAB3GAP2,3.7
1063,Myeloid,RABGGTA,8.05
1064,Myeloid,RAC1,68.18333333
1065,Myeloid,RACGAP1,5.366666667
1066,Myeloid,RACK1,228.1833333
1067,Myeloid,RAD1,2.666666667
1068,Myeloid,RAD17,1.683333333
1069,Myeloid,RAD18,2.066666667
1070,Myeloid,RAD50,2.233333333
1071,Myeloid,RAD51B,5.05
1072,Myeloid,RAD9A,2.7
1073,Myeloid,RAF1,46.96666667
1074,Myeloid,RALBP1,31.15
1075,Myeloid,RALGAPA2,1.75
1076,Myeloid,RAN,267.45
1077,Myeloid,RANGAP1,6.4
1078,Myeloid,RAP1A,19.15
1079,Myeloid,RAP1B,239.2166667
1080,Myeloid,RAP1GAP2,1.966666667
1081,Myeloid,RAPGEF1,1.6
1082,Myeloid,RAPGEF2,1.333333333
1083,Myeloid,RARA,18.5
1084,Myeloid,RASA3,7.083333333
1085,Myeloid,RASGEF1B,4.966666667
1086,Myeloid,RASGRP3,2.3
1087,Myeloid,RASSF1,60.48333333
1088,Myeloid,RASSF2,62.23333333
1089,Myeloid,RASSF4,26.05
1090,Myeloid,RASSF5,103.8333333
1091,Myeloid,RB1,13.55
1092,Myeloid,RB1CC1,19.7
1093,Myeloid,RBBP8,11.76666667
1094,Myeloid,RBM19,3.5
1095,Myeloid,RBM47,28.51666667
1096,Myeloid,RBMS1,14.31666667
1097,Myeloid,RBPJ,113.4333333
1098,Myeloid,RBX1,98.16666667
1099,Myeloid,RCAN1,1.466666667
1100,Myeloid,RCC2,1.083333333
1101,Myeloid,RCHY1,7.716666667
1102,Myeloid,RCN1,4.983333333
1103,Myeloid,RDX,11.56666667
1104,Myeloid,RECQL5,2.883333333
1105,Myeloid,RERE,5.266666667
1106,Myeloid,RFTN1,28.71666667
1107,Myeloid,RFX3,2.55
1108,Myeloid,RGS19,356.75
1109,Myeloid,RHBDD2,97.76666667
1110,Myeloid,RHBDF2,7.833333333
1111,Myeloid,RHEB,28.21666667
1112,Myeloid,RHEBL1,2.183333333
1113,Myeloid,RHOA,990.4666667
1114,Myeloid,RHOF,23.21666667
1115,Myeloid,RHOG,435.65
1116,Myeloid,RICTOR,6.716666667
1117,Myeloid,RIN1,6.866666667
1118,Myeloid,RIN3,35.16666667
1119,Myeloid,RIPK2,10.61666667
1120,Myeloid,RIPK3,2.85
1121,Myeloid,RIPOR2,260.3666667
1122,Myeloid,RNF11,4.7
1123,Myeloid,RNF144B,23.83333333
1124,Myeloid,RNF213,21.26666667
1125,Myeloid,RNF216,11.53333333
1126,Myeloid,RNF8,3.033333333
1127,Myeloid,RNLS,1.4
1128,Myeloid,ROCK1,5.05
1129,Myeloid,RPA1,28.38333333
1130,Myeloid,RPA2,107.2833333
1131,Myeloid,RPL10,1889.916667
1132,Myeloid,RPL13,1214.016667
1133,Myeloid,RPL39L,4.983333333
1134,Myeloid,RPS19,3884.65
1135,Myeloid,RPS24,986.4166667
1136,Myeloid,RPS27A,833.2333333
1137,Myeloid,RPS27L,122.1
1138,Myeloid,RPS3,340.1166667
1139,Myeloid,RPS6,1117.866667
1140,Myeloid,RPS6KA1,56.53333333
1141,Myeloid,RPS6KA2,3.583333333
1142,Myeloid,RPS6KA3,5.35
1143,Myeloid,RPS6KA4,1.116666667
1144,Myeloid,RPS6KA5,7.883333333
1145,Myeloid,RPS6KB1,12.88333333
1146,Myeloid,RPS6KB2,25.65
1147,Myeloid,RRAS,6.583333333
1148,Myeloid,RREB1,2.533333333
1149,Myeloid,RRM1,5.766666667
1150,Myeloid,RRM2B,8.383333333
1151,Myeloid,RSAD2,17.45
1152,Myeloid,RSF1,24.03333333
1153,Myeloid,RTN4,22.18333333
1154,Myeloid,RUNX1,5.233333333
1155,Myeloid,RUNX2,2.583333333
1156,Myeloid,RUNX3,3.1
1157,Myeloid,RUVBL1,4.966666667
1158,Myeloid,RXRA,8.066666667
1159,Myeloid,RXYLT1,1.083333333
1160,Myeloid,RYK,1.066666667
1161,Myeloid,S100A10,354.1166667
1162,Myeloid,S100A11,5416.866667
1163,Myeloid,S100A2,2.116666667
1164,Myeloid,S100A4,5222.416667
1165,Myeloid,S100A6,2552.3
1166,Myeloid,S100A9,7144.866667
1167,Myeloid,S100B,3.7
1168,Myeloid,SAMSN1,97.11666667
1169,Myeloid,SCAF11,23.6
1170,Myeloid,SCAPER,9.9
1171,Myeloid,SCARB1,2.866666667
1172,Myeloid,SDC2,1.766666667
1173,Myeloid,SEC14L1,58.21666667
1174,Myeloid,SELP,1.2
1175,Myeloid,SELPLG,698.3166667
1176,Myeloid,SEMA3C,8.8
1177,Myeloid,SEMA4B,1.466666667
1178,Myeloid,SEMA4D,14.21666667
1179,Myeloid,SERPINB1,98.18333333
1180,Myeloid,SERTAD1,14.8
1181,Myeloid,SERTAD2,1.383333333
1182,Myeloid,SESN1,5.45
1183,Myeloid,SESN2,1.2
1184,Myeloid,SFSWAP,2.6
1185,Myeloid,SGK1,44.41666667
1186,Myeloid,SGK3,11.76666667
1187,Myeloid,SGMS1,8.416666667
1188,Myeloid,SH2B1,1.4
1189,Myeloid,SH2B3,3.2
1190,Myeloid,SH3BP1,1.7
1191,Myeloid,SH3BP5,6.4
1192,Myeloid,SH3RF1,1.616666667
1193,Myeloid,SH3TC1,4.066666667
1194,Myeloid,SHC1,33.55
1195,Myeloid,SIAH1,8.683333333
1196,Myeloid,SIGLEC10,253.2666667
1197,Myeloid,SIL1,24.35
1198,Myeloid,SIPA1L1,5.966666667
1199,Myeloid,SIRPA,16.15
1200,Myeloid,SIRT2,43.18333333
1201,Myeloid,SIRT6,9.35
1202,Myeloid,SIVA1,133.4166667
1203,Myeloid,SKAP1,2.5
1204,Myeloid,SKP2,6.85
1205,Myeloid,SLA,107.55
1206,Myeloid,SLC12A4,2.116666667
1207,Myeloid,SLC25A37,7.6
1208,Myeloid,SLC37A1,10.9
1209,Myeloid,SLC6A6,15.7
1210,Myeloid,SLC8A1,8.966666667
1211,Myeloid,SLC9A3R1,219.7333333
1212,Myeloid,SLCO3A1,3.233333333
1213,Myeloid,SLPI,37.25
1214,Myeloid,SMAD1,10.68333333
1215,Myeloid,SMAD2,29.78333333
1216,Myeloid,SMAD7,1.45
1217,Myeloid,SMARCA4,5.3
1218,Myeloid,SMC1A,11.11666667
1219,Myeloid,SMC3,11.68333333
1220,Myeloid,SMCO4,147.2833333
1221,Myeloid,SMG1,6.7
1222,Myeloid,SMPD3,3.25
1223,Myeloid,SMYD3,5.5
1224,Myeloid,SNAP47,17.1
1225,Myeloid,SNCA,18.7
1226,Myeloid,SND1,40.15
1227,Myeloid,SNRK,7.533333333
1228,Myeloid,SNRNP27,18.41666667
1229,Myeloid,SNX8,8.866666667
1230,Myeloid,SOCS1,3.3
1231,Myeloid,SOCS2,23.15
1232,Myeloid,SOCS3,1.2
1233,Myeloid,SOCS4,1.183333333
1234,Myeloid,SOD2,331.575
1235,Myeloid,SORBS3,1.233333333
1236,Myeloid,SP1,2.35
1237,Myeloid,SP140L,7.983333333
1238,Myeloid,SP2,6.683333333
1239,Myeloid,SP3,16.45
1240,Myeloid,SPAG9,2.666666667
1241,Myeloid,SPATS2L,9.766666667
1242,Myeloid,SPECC1L,2.5
1243,Myeloid,SPI1,44.73333333
1244,Myeloid,SPIB,1.016666667
1245,Myeloid,SPIDR,4.6
1246,Myeloid,SPP1,3.133333333
1247,Myeloid,SQOR,109.8833333
1248,Myeloid,SQSTM1,352.8833333
1249,Myeloid,SRGN,1318.733333
1250,Myeloid,SRPK1,19.61666667
1251,Myeloid,SSBP2,27.4
1252,Myeloid,SSH1,1.2
1253,Myeloid,ST3GAL1,19.03333333
1254,Myeloid,ST3GAL2,3.366666667
1255,Myeloid,ST6GAL1,11.71666667
1256,Myeloid,STAG1,3.416666667
1257,Myeloid,STAM,11.78333333
1258,Myeloid,STAM2,5.5
1259,Myeloid,STAT4,1.616666667
1260,Myeloid,STAT5A,12.03333333
1261,Myeloid,STAT6,18.23333333
1262,Myeloid,STK10,29.78333333
1263,Myeloid,STK11,3.966666667
1264,Myeloid,STK17A,3.633333333
1265,Myeloid,STK24,7.866666667
1266,Myeloid,STK3,4.733333333
1267,Myeloid,STK38,45.23333333
1268,Myeloid,STK40,7.116666667
1269,Myeloid,STOML2,43.48333333
1270,Myeloid,STRADB,8.583333333
1271,Myeloid,STXBP5,2.316666667
1272,Myeloid,SUB1,195.3833333
1273,Myeloid,SUGT1,28.11666667
1274,Myeloid,SULF2,13.6
1275,Myeloid,SUMO1,190.1
1276,Myeloid,SUSD1,3.866666667
1277,Myeloid,SVIL,4.083333333
1278,Myeloid,SYK,50.83333333
1279,Myeloid,SYNE1,13.06666667
1280,Myeloid,SYNE2,13.98333333
1281,Myeloid,TAB1,2.65
1282,Myeloid,TAB2,1.1
1283,Myeloid,TACC1,12.35
1284,Myeloid,TAF1B,5.733333333
1285,Myeloid,TAGLN,15
1286,Myeloid,TAOK3,62.06666667
1287,Myeloid,TAX1BP1,106.4166667
1288,Myeloid,TBC1D1,13.88333333
1289,Myeloid,TBC1D14,9.033333333
1290,Myeloid,TBC1D31,2.366666667
1291,Myeloid,TBC1D5,7.1
1292,Myeloid,TBCA,88.43333333
1293,Myeloid,TBL1XR1,4.866666667
1294,Myeloid,TBP,32.53333333
1295,Myeloid,TBXAS1,277.8166667
1296,Myeloid,TCEAL1,6.583333333
1297,Myeloid,TCF12,12.56666667
1298,Myeloid,TCF4,3.566666667
1299,Myeloid,TCF7,1.1
1300,Myeloid,TCF7L2,17
1301,Myeloid,TDP1,11.01666667
1302,Myeloid,TEC,4.35
1303,Myeloid,TERF1,8.15
1304,Myeloid,TERF2,4
1305,Myeloid,TFDP1,6.533333333
1306,Myeloid,TFEB,19.65
1307,Myeloid,TGFA,6.366666667
1308,Myeloid,TGFBI,68.28333333
1309,Myeloid,TGIF1,20.21666667
1310,Myeloid,THADA,3.516666667
1311,Myeloid,THAP12,1.033333333
1312,Myeloid,THBS1,4.033333333
1313,Myeloid,TIAM1,7.633333333
1314,Myeloid,TIAM2,3.216666667
1315,Myeloid,TICAM2,4.216666667
1316,Myeloid,TIMP1,372.7166667
1317,Myeloid,TKT,197.5
1318,Myeloid,TLE1,1.75
1319,Myeloid,TLE4,9.566666667
1320,Myeloid,TLK1,4.266666667
1321,Myeloid,TLN1,5.45
1322,Myeloid,TLR1,28.26666667
1323,Myeloid,TLR10,1.233333333
1324,Myeloid,TLR2,108.5
1325,Myeloid,TLR4,46.35
1326,Myeloid,TLR5,12.73333333
1327,Myeloid,TLR6,2.4
1328,Myeloid,TLR7,4.933333333
1329,Myeloid,TLR8,9.383333333
1330,Myeloid,TMEM2,1.15
1331,Myeloid,TMEM30A,52.23333333
1332,Myeloid,TMX3,2.083333333
1333,Myeloid,TNF,2.583333333
1334,Myeloid,TNFAIP8,144.55
1335,Myeloid,TNFAIP8L1,2.933333333
1336,Myeloid,TNFRSF10A,2.783333333
1337,Myeloid,TNFRSF10B,7.15
1338,Myeloid,TNFRSF10C,282.6833333
1339,Myeloid,TNFRSF10D,1.1
1340,Myeloid,TNFRSF1B,128.6166667
1341,Myeloid,TNFRSF8,25.7
1342,Myeloid,TNFSF10,133.95
1343,Myeloid,TNFSF13B,184.9166667
1344,Myeloid,TNFSF8,6.283333333
1345,Myeloid,TNIK,2.033333333
1346,Myeloid,TNIP1,16.48333333
1347,Myeloid,TNIP2,10.4
1348,Myeloid,TNK2,1.133333333
1349,Myeloid,TNRC6B,101.9666667
1350,Myeloid,TNS3,1.45
1351,Myeloid,TOLLIP,91.41666667
1352,Myeloid,TOP1,10.6
1353,Myeloid,TOX2,1.083333333
1354,Myeloid,TP53BP2,1.216666667
1355,Myeloid,TP53I3,8.783333333
1356,Myeloid,TP53INP1,11.8
1357,Myeloid,TP53RK,14.76666667
1358,Myeloid,TPCN1,3.333333333
1359,Myeloid,TRADD,40.23333333
1360,Myeloid,TRAF2,4.916666667
1361,Myeloid,TRAF4,1.4
1362,Myeloid,TRAF5,1.55
1363,Myeloid,TRAF6,19.35
1364,Myeloid,TRAPPC9,4
1365,Myeloid,TRIAP1,23.61666667
1366,Myeloid,TRIB3,2.6
1367,Myeloid,TRIM21,150.9
1368,Myeloid,TRIM25,4.65
1369,Myeloid,TRIM28,5.55
1370,Myeloid,TRIM56,1.283333333
1371,Myeloid,TRPM6,4.116666667
1372,Myeloid,TRPS1,1.183333333
1373,Myeloid,TSC1,1.883333333
1374,Myeloid,TSC2,2
1375,Myeloid,TSC22D3,806.15
1376,Myeloid,TSPAN14,61.91666667
1377,Myeloid,TSPAN3,29.41666667
1378,Myeloid,TTC1,70.73333333
1379,Myeloid,TTC7B,2.116666667
1380,Myeloid,TUBA1C,23.16666667
1381,Myeloid,TUBB,10.38333333
1382,Myeloid,TXK,1.066666667
1383,Myeloid,TXN,412.1
1384,Myeloid,TXNIP,643.8666667
1385,Myeloid,TXNRD1,50.68333333
1386,Myeloid,TYROBP,2686.6
1387,Myeloid,UBA52,1136.583333
1388,Myeloid,UBB,2454.25
1389,Myeloid,UBC,457.0833333
1390,Myeloid,UBE2F,53.11666667
1391,Myeloid,UBE2H,1.75
1392,Myeloid,UBE2I,193.1833333
1393,Myeloid,UBE2L3,66.15
1394,Myeloid,UBE2N,80.03333333
1395,Myeloid,UBR1,1.533333333
1396,Myeloid,UIMC1,18.15
1397,Myeloid,ULK2,1.2
1398,Myeloid,UPP1,25.05
1399,Myeloid,UQCC1,9.633333333
1400,Myeloid,USF1,1.916666667
1401,Myeloid,USF2,10.66666667
1402,Myeloid,USP1,12.78333333
1403,Myeloid,USP10,105.1166667
1404,Myeloid,USP34,1.383333333
1405,Myeloid,USP4,75.2
1406,Myeloid,USP7,2.7
1407,Myeloid,USP9X,3
1408,Myeloid,UTP14A,9.4
1409,Myeloid,UTRN,58.43333333
1410,Myeloid,UVRAG,7.416666667
1411,Myeloid,VAC14,2.2
1412,Myeloid,VASP,16.8
1413,Myeloid,VAV1,20.06666667
1414,Myeloid,VCAN,37.35
1415,Myeloid,VCL,15.13333333
1416,Myeloid,VCP,49.38333333
1417,Myeloid,VDR,3
1418,Myeloid,VGLL4,5.05
1419,Myeloid,VHL,1.3
1420,Myeloid,VIM,375.1666667
1421,Myeloid,VMP1,486.4333333
1422,Myeloid,VOPP1,15.4
1423,Myeloid,VPS33B,5.966666667
1424,Myeloid,VPS53,4.85
1425,Myeloid,VPS8,10.58333333
1426,Myeloid,VRK1,16.98333333
1427,Myeloid,VRK2,21.2
1428,Myeloid,VWA5A,9.766666667
1429,Myeloid,WARS,702.45
1430,Myeloid,WASF2,60.45
1431,Myeloid,WASL,1.35
1432,Myeloid,WNK1,2.483333333
1433,Myeloid,XAF1,7.966666667
1434,Myeloid,XPA,14.75
1435,Myeloid,XPC,18.98333333
1436,Myeloid,XPO1,4.9
1437,Myeloid,XRCC5,149.5833333
1438,Myeloid,XRCC6,174.0666667
1439,Myeloid,XXYLT1,1.683333333
1440,Myeloid,YBX3,1.616666667
1441,Myeloid,YES1,2.383333333
1442,Myeloid,YWHAB,93.15
1443,Myeloid,YWHAE,54.4
1444,Myeloid,YWHAG,1.166666667
1445,Myeloid,YWHAH,12.63333333
1446,Myeloid,YWHAQ,82.66666667
1447,Myeloid,YWHAZ,442.2
1448,Myeloid,YY1,5.516666667
1449,Myeloid,ZBTB16,1.066666667
1450,Myeloid,ZBTB20,3.85
1451,Myeloid,ZBTB7B,1.016666667
1452,Myeloid,ZC3HAV1,29.76666667
1453,Myeloid,ZEB2,23.8
1454,Myeloid,ZFP36,92.7
1455,Myeloid,ZFP36L1,447.4333333
1456,Myeloid,ZMIZ1,1.916666667
1457,Myeloid,ZMYND8,10.66666667
1458,Myeloid,ZNF107,3.7
1459,Myeloid,ZNF12,1.166666667
1460,Myeloid,ZNF124,6.45
1461,Myeloid,ZNF140,8.45
1462,Myeloid,ZNF148,17.88333333
1463,Myeloid,ZNF155,3.9
1464,Myeloid,ZNF169,2.316666667
1465,Myeloid,ZNF181,4.833333333
1466,Myeloid,ZNF184,2.85
1467,Myeloid,ZNF200,11.31666667
1468,Myeloid,ZNF222,3.15
1469,Myeloid,ZNF226,14.03333333
1470,Myeloid,ZNF227,5.566666667
1471,Myeloid,ZNF230,4.583333333
1472,Myeloid,ZNF235,4.116666667
1473,Myeloid,ZNF25,1.95
1474,Myeloid,ZNF254,2.666666667
1475,Myeloid,ZNF263,2.416666667
1476,Myeloid,ZNF267,25.55
1477,Myeloid,ZNF268,3.95
1478,Myeloid,ZNF302,10.03333333
1479,Myeloid,ZNF331,3.866666667
1480,Myeloid,ZNF333,3.716666667
1481,Myeloid,ZNF337,1.466666667
1482,Myeloid,ZNF33B,5.883333333
1483,Myeloid,ZNF343,1.583333333
1484,Myeloid,ZNF354A,6.433333333
1485,Myeloid,ZNF398,1.033333333
1486,Myeloid,ZNF41,1.633333333
1487,Myeloid,ZNF417,2.7
1488,Myeloid,ZNF419,2.966666667
1489,Myeloid,ZNF510,1.2
1490,Myeloid,ZNF529,1.133333333
1491,Myeloid,ZNF550,1.083333333
1492,Myeloid,ZNF567,2.266666667
1493,Myeloid,ZNF585A,29.75
1494,Myeloid,ZNF589,1.4
1495,Myeloid,ZNF596,1.6
1496,Myeloid,ZNF599,1.516666667
1497,Myeloid,ZNF613,5.766666667
1498,Myeloid,ZNF655,50.7
1499,Myeloid,ZNF669,3.85
1500,Myeloid,ZNF689,3.833333333
1501,Myeloid,ZNF713,1.05
1502,Myeloid,ZNF721,8.1
1503,Myeloid,ZNF746,1.383333333
1504,Myeloid,ZNF764,1.716666667
1505,Myeloid,ZNF778,2.116666667
1506,Myeloid,ZNF786,2.583333333
1507,Myeloid,ZNF79,2.916666667
1508,Myeloid,ZNF81,1.5
1509,Myeloid,ZNF84,2.766666667
1510,Myeloid,ZNF879,3.55